,cap,dim,rad,label,mean_cap,EVD90,PR,P,M,N,layer,seed,model,manifold_type,norm_method,clean_accuracy,adv_accuracy,eps,eps_step,max_iter,random
0,1.2715227798551065,4.907618602248854,0.15082105963518103,7.0,1.285019789267812,28,19.321712493896484,50,50,784,0.pixels,0,lenet,exemplar,nn,0.9701,0.7308,0.1,0.1,1,False
1,1.3623372488509187,4.633939993870826,0.0996560771874105,2.0,1.285019789267812,28,19.321712493896484,50,50,784,0.pixels,0,lenet,exemplar,nn,0.9701,0.7308,0.1,0.1,1,False
2,1.2029777271803566,5.583521318811726,0.21080061601905942,1.0,1.285019789267812,28,19.321712493896484,50,50,784,0.pixels,0,lenet,exemplar,nn,0.9701,0.7308,0.1,0.1,1,False
3,1.3058068711266844,4.880671732391695,0.10123367988308518,0.0,1.285019789267812,28,19.321712493896484,50,50,784,0.pixels,0,lenet,exemplar,nn,0.9701,0.7308,0.1,0.1,1,False
4,1.5622354486791816,5.257096722014003,0.13443528051079978,4.0,1.285019789267812,28,19.321712493896484,50,50,784,0.pixels,0,lenet,exemplar,nn,0.9701,0.7308,0.1,0.1,1,False
5,1.260801401524454,5.154442700766981,0.1849154746596505,1.0,1.285019789267812,28,19.321712493896484,50,50,784,0.pixels,0,lenet,exemplar,nn,0.9701,0.7308,0.1,0.1,1,False
6,1.291058537576167,4.828910813141643,0.12855340308869131,4.0,1.285019789267812,28,19.321712493896484,50,50,784,0.pixels,0,lenet,exemplar,nn,0.9701,0.7308,0.1,0.1,1,False
7,1.2775436168751515,5.252631110828244,0.13277968031488105,9.0,1.285019789267812,28,19.321712493896484,50,50,784,0.pixels,0,lenet,exemplar,nn,0.9701,0.7308,0.1,0.1,1,False
8,1.3789025574094416,5.233738973686727,0.09310677486836096,5.0,1.285019789267812,28,19.321712493896484,50,50,784,0.pixels,0,lenet,exemplar,nn,0.9701,0.7308,0.1,0.1,1,False
9,1.2108250997696566,5.255209677869395,0.12236477197899837,9.0,1.285019789267812,28,19.321712493896484,50,50,784,0.pixels,0,lenet,exemplar,nn,0.9701,0.7308,0.1,0.1,1,False
10,1.2798411289693974,5.0213469750195125,0.10518637308972167,0.0,1.285019789267812,28,19.321712493896484,50,50,784,0.pixels,0,lenet,exemplar,nn,0.9701,0.7308,0.1,0.1,1,False
11,1.2248793508384264,4.844457395376411,0.11460182458172055,6.0,1.285019789267812,28,19.321712493896484,50,50,784,0.pixels,0,lenet,exemplar,nn,0.9701,0.7308,0.1,0.1,1,False
12,1.5422167848800212,5.16002208507524,0.14980703400350984,9.0,1.285019789267812,28,19.321712493896484,50,50,784,0.pixels,0,lenet,exemplar,nn,0.9701,0.7308,0.1,0.1,1,False
13,1.2474437899513895,5.180862702732102,0.10602734855114333,0.0,1.285019789267812,28,19.321712493896484,50,50,784,0.pixels,0,lenet,exemplar,nn,0.9701,0.7308,0.1,0.1,1,False
14,0.9471594241553656,5.326664390975765,0.1685999904053429,1.0,1.285019789267812,28,19.321712493896484,50,50,784,0.pixels,0,lenet,exemplar,nn,0.9701,0.7308,0.1,0.1,1,False
15,1.5376920168869121,5.389829638890655,0.1069161974825538,5.0,1.285019789267812,28,19.321712493896484,50,50,784,0.pixels,0,lenet,exemplar,nn,0.9701,0.7308,0.1,0.1,1,False
16,1.2589282155364168,4.892328298853508,0.1367999888743183,9.0,1.285019789267812,28,19.321712493896484,50,50,784,0.pixels,0,lenet,exemplar,nn,0.9701,0.7308,0.1,0.1,1,False
17,1.21549261009841,5.16958420278121,0.1263882261221702,7.0,1.285019789267812,28,19.321712493896484,50,50,784,0.pixels,0,lenet,exemplar,nn,0.9701,0.7308,0.1,0.1,1,False
18,2.061873412226816,4.756470214940638,0.09705983358693969,3.0,1.285019789267812,28,19.321712493896484,50,50,784,0.pixels,0,lenet,exemplar,nn,0.9701,0.7308,0.1,0.1,1,False
19,0.9583546489326861,5.585726344759225,0.12457632599642851,4.0,1.285019789267812,28,19.321712493896484,50,50,784,0.pixels,0,lenet,exemplar,nn,0.9701,0.7308,0.1,0.1,1,False
20,1.1152637726860148,4.892938178131302,0.12824497413229646,9.0,1.285019789267812,28,19.321712493896484,50,50,784,0.pixels,0,lenet,exemplar,nn,0.9701,0.7308,0.1,0.1,1,False
21,1.428282642352728,5.264247635011726,0.12964879899822043,6.0,1.285019789267812,28,19.321712493896484,50,50,784,0.pixels,0,lenet,exemplar,nn,0.9701,0.7308,0.1,0.1,1,False
22,1.4269590444280216,5.197188265061635,0.12197420817737574,6.0,1.285019789267812,28,19.321712493896484,50,50,784,0.pixels,0,lenet,exemplar,nn,0.9701,0.7308,0.1,0.1,1,False
23,1.1372136769844272,5.260583904902527,0.12730253545312686,5.0,1.285019789267812,28,19.321712493896484,50,50,784,0.pixels,0,lenet,exemplar,nn,0.9701,0.7308,0.1,0.1,1,False
24,1.2706595182553293,5.290118464441801,0.17929266726711784,4.0,1.285019789267812,28,19.321712493896484,50,50,784,0.pixels,0,lenet,exemplar,nn,0.9701,0.7308,0.1,0.1,1,False
25,1.1916979244856536,5.019135372376423,0.0720116016897751,0.0,1.285019789267812,28,19.321712493896484,50,50,784,0.pixels,0,lenet,exemplar,nn,0.9701,0.7308,0.1,0.1,1,False
26,1.6001646409499672,4.941840548420741,0.1411830515586604,7.0,1.285019789267812,28,19.321712493896484,50,50,784,0.pixels,0,lenet,exemplar,nn,0.9701,0.7308,0.1,0.1,1,False
27,1.5632386154891937,5.26579185316622,0.1207465811183014,4.0,1.285019789267812,28,19.321712493896484,50,50,784,0.pixels,0,lenet,exemplar,nn,0.9701,0.7308,0.1,0.1,1,False
28,1.2764737290017063,4.690891948202911,0.10768788713446467,0.0,1.285019789267812,28,19.321712493896484,50,50,784,0.pixels,0,lenet,exemplar,nn,0.9701,0.7308,0.1,0.1,1,False
29,1.2149836477002562,5.071643413989752,0.19915129447880145,1.0,1.285019789267812,28,19.321712493896484,50,50,784,0.pixels,0,lenet,exemplar,nn,0.9701,0.7308,0.1,0.1,1,False
30,1.787469302235536,5.228073669279395,0.11417214406265092,3.0,1.285019789267812,28,19.321712493896484,50,50,784,0.pixels,0,lenet,exemplar,nn,0.9701,0.7308,0.1,0.1,1,False
31,0.7375564164034604,5.6927394706499355,0.19450038339107595,1.0,1.285019789267812,28,19.321712493896484,50,50,784,0.pixels,0,lenet,exemplar,nn,0.9701,0.7308,0.1,0.1,1,False
32,1.6220654802035284,5.20864351766628,0.11366743029034594,3.0,1.285019789267812,28,19.321712493896484,50,50,784,0.pixels,0,lenet,exemplar,nn,0.9701,0.7308,0.1,0.1,1,False
33,2.187856919334615,4.8245541202844615,0.09910968804358634,4.0,1.285019789267812,28,19.321712493896484,50,50,784,0.pixels,0,lenet,exemplar,nn,0.9701,0.7308,0.1,0.1,1,False
34,1.8518511732265184,4.5953657152815435,0.10764916191522463,7.0,1.285019789267812,28,19.321712493896484,50,50,784,0.pixels,0,lenet,exemplar,nn,0.9701,0.7308,0.1,0.1,1,False
35,1.0139600051812996,4.911262455912045,0.09247288313128896,2.0,1.285019789267812,28,19.321712493896484,50,50,784,0.pixels,0,lenet,exemplar,nn,0.9701,0.7308,0.1,0.1,1,False
36,1.6778528945168485,4.951275939433562,0.1358724016741629,7.0,1.285019789267812,28,19.321712493896484,50,50,784,0.pixels,0,lenet,exemplar,nn,0.9701,0.7308,0.1,0.1,1,False
37,1.2513112153816681,5.347994515143387,0.19974841464921506,1.0,1.285019789267812,28,19.321712493896484,50,50,784,0.pixels,0,lenet,exemplar,nn,0.9701,0.7308,0.1,0.1,1,False
38,1.5055274898647444,5.068256371081003,0.13741712026082187,2.0,1.285019789267812,28,19.321712493896484,50,50,784,0.pixels,0,lenet,exemplar,nn,0.9701,0.7308,0.1,0.1,1,False
39,1.017037538255081,5.085272857098736,0.1834840300900642,1.0,1.285019789267812,28,19.321712493896484,50,50,784,0.pixels,0,lenet,exemplar,nn,0.9701,0.7308,0.1,0.1,1,False
40,0.8918878511071169,5.259342713879557,0.2191578427102822,1.0,1.285019789267812,28,19.321712493896484,50,50,784,0.pixels,0,lenet,exemplar,nn,0.9701,0.7308,0.1,0.1,1,False
41,1.3201097091281213,5.269753056874791,0.15445668291294654,7.0,1.285019789267812,28,19.321712493896484,50,50,784,0.pixels,0,lenet,exemplar,nn,0.9701,0.7308,0.1,0.1,1,False
42,1.2292473027057327,4.79193847543086,0.1310983969487273,4.0,1.285019789267812,28,19.321712493896484,50,50,784,0.pixels,0,lenet,exemplar,nn,0.9701,0.7308,0.1,0.1,1,False
43,1.4850405148396977,5.2048629866334615,0.14210587580753145,2.0,1.285019789267812,28,19.321712493896484,50,50,784,0.pixels,0,lenet,exemplar,nn,0.9701,0.7308,0.1,0.1,1,False
44,1.1957208280691562,5.17268079749554,0.14678130434641223,3.0,1.285019789267812,28,19.321712493896484,50,50,784,0.pixels,0,lenet,exemplar,nn,0.9701,0.7308,0.1,0.1,1,False
45,1.2302165655855115,5.301586599507583,0.14117065668844397,5.0,1.285019789267812,28,19.321712493896484,50,50,784,0.pixels,0,lenet,exemplar,nn,0.9701,0.7308,0.1,0.1,1,False
46,1.267289145025889,5.104161439537288,0.15348047734835865,1.0,1.285019789267812,28,19.321712493896484,50,50,784,0.pixels,0,lenet,exemplar,nn,0.9701,0.7308,0.1,0.1,1,False
47,1.2574190715655817,4.933001724632727,0.14400733374964922,2.0,1.285019789267812,28,19.321712493896484,50,50,784,0.pixels,0,lenet,exemplar,nn,0.9701,0.7308,0.1,0.1,1,False
48,1.535341640036306,4.69584034147517,0.08113147940733816,4.0,1.285019789267812,28,19.321712493896484,50,50,784,0.pixels,0,lenet,exemplar,nn,0.9701,0.7308,0.1,0.1,1,False
49,1.1508610292962445,3.2840395480333076,0.1753690237085236,4.0,1.285019789267812,28,19.321712493896484,50,50,784,0.pixels,0,lenet,exemplar,nn,0.9701,0.7308,0.1,0.1,1,False
0,1.2194235898767725,4.42823842251933,0.12779559401396895,7.0,1.381768960138308,21,15.65617847711797,50,50,2000,1.conv1,0,lenet,exemplar,nn,0.9701,0.7308,0.1,0.1,1,False
1,1.6053722205916126,3.94357710139833,0.07978880401650415,2.0,1.381768960138308,21,15.65617847711797,50,50,2000,1.conv1,0,lenet,exemplar,nn,0.9701,0.7308,0.1,0.1,1,False
2,0.8436733695384786,4.812351434392046,0.21086897900499396,1.0,1.381768960138308,21,15.65617847711797,50,50,2000,1.conv1,0,lenet,exemplar,nn,0.9701,0.7308,0.1,0.1,1,False
3,1.5189068814491322,4.1594145444536865,0.07878791585566244,0.0,1.381768960138308,21,15.65617847711797,50,50,2000,1.conv1,0,lenet,exemplar,nn,0.9701,0.7308,0.1,0.1,1,False
4,1.4958025667533184,4.271586001231147,0.10643023724164717,4.0,1.381768960138308,21,15.65617847711797,50,50,2000,1.conv1,0,lenet,exemplar,nn,0.9701,0.7308,0.1,0.1,1,False
5,1.2370406607369493,4.876042511053623,0.17642178972573672,1.0,1.381768960138308,21,15.65617847711797,50,50,2000,1.conv1,0,lenet,exemplar,nn,0.9701,0.7308,0.1,0.1,1,False
6,1.3180619453664792,4.750109206601377,0.10048683766854376,4.0,1.381768960138308,21,15.65617847711797,50,50,2000,1.conv1,0,lenet,exemplar,nn,0.9701,0.7308,0.1,0.1,1,False
7,1.1784313052949864,4.351872318849347,0.10357933978580648,9.0,1.381768960138308,21,15.65617847711797,50,50,2000,1.conv1,0,lenet,exemplar,nn,0.9701,0.7308,0.1,0.1,1,False
8,1.434815720841394,4.639751424117016,0.05797273455526615,5.0,1.381768960138308,21,15.65617847711797,50,50,2000,1.conv1,0,lenet,exemplar,nn,0.9701,0.7308,0.1,0.1,1,False
9,1.5331971374593794,4.494189062393977,0.09883291180910114,9.0,1.381768960138308,21,15.65617847711797,50,50,2000,1.conv1,0,lenet,exemplar,nn,0.9701,0.7308,0.1,0.1,1,False
10,1.7596297821859068,4.173205022915677,0.07828142122840559,0.0,1.381768960138308,21,15.65617847711797,50,50,2000,1.conv1,0,lenet,exemplar,nn,0.9701,0.7308,0.1,0.1,1,False
11,1.4475023899200268,4.499596218592463,0.08714638382107938,6.0,1.381768960138308,21,15.65617847711797,50,50,2000,1.conv1,0,lenet,exemplar,nn,0.9701,0.7308,0.1,0.1,1,False
12,1.1636863726736633,4.43962825690883,0.1275980377796301,9.0,1.381768960138308,21,15.65617847711797,50,50,2000,1.conv1,0,lenet,exemplar,nn,0.9701,0.7308,0.1,0.1,1,False
13,1.7659769034238026,4.791434603021861,0.08260387524765186,0.0,1.381768960138308,21,15.65617847711797,50,50,2000,1.conv1,0,lenet,exemplar,nn,0.9701,0.7308,0.1,0.1,1,False
14,1.3592380575920777,5.045711011722635,0.16352521650479637,1.0,1.381768960138308,21,15.65617847711797,50,50,2000,1.conv1,0,lenet,exemplar,nn,0.9701,0.7308,0.1,0.1,1,False
15,1.4918348862851154,4.914115413751318,0.07240802348781307,5.0,1.381768960138308,21,15.65617847711797,50,50,2000,1.conv1,0,lenet,exemplar,nn,0.9701,0.7308,0.1,0.1,1,False
16,1.1483494188842407,4.476877585659365,0.11414598114053771,9.0,1.381768960138308,21,15.65617847711797,50,50,2000,1.conv1,0,lenet,exemplar,nn,0.9701,0.7308,0.1,0.1,1,False
17,1.5832105317714815,4.579765154897357,0.10019705526803964,7.0,1.381768960138308,21,15.65617847711797,50,50,2000,1.conv1,0,lenet,exemplar,nn,0.9701,0.7308,0.1,0.1,1,False
18,2.3701456535317598,4.458578372213939,0.07606221199248457,3.0,1.381768960138308,21,15.65617847711797,50,50,2000,1.conv1,0,lenet,exemplar,nn,0.9701,0.7308,0.1,0.1,1,False
19,1.2946598427717353,4.426083395677809,0.09645112455445178,4.0,1.381768960138308,21,15.65617847711797,50,50,2000,1.conv1,0,lenet,exemplar,nn,0.9701,0.7308,0.1,0.1,1,False
20,1.4475186879697195,4.61960585111524,0.10497773987007893,9.0,1.381768960138308,21,15.65617847711797,50,50,2000,1.conv1,0,lenet,exemplar,nn,0.9701,0.7308,0.1,0.1,1,False
21,1.5385318092330877,4.365302752522247,0.10428404717328021,6.0,1.381768960138308,21,15.65617847711797,50,50,2000,1.conv1,0,lenet,exemplar,nn,0.9701,0.7308,0.1,0.1,1,False
22,1.7205872709862198,4.181539147279512,0.09953321469825625,6.0,1.381768960138308,21,15.65617847711797,50,50,2000,1.conv1,0,lenet,exemplar,nn,0.9701,0.7308,0.1,0.1,1,False
23,1.584749180806706,4.553716853118275,0.0983494074945551,5.0,1.381768960138308,21,15.65617847711797,50,50,2000,1.conv1,0,lenet,exemplar,nn,0.9701,0.7308,0.1,0.1,1,False
24,1.1325592048249065,4.8454930312382,0.17370758878630532,4.0,1.381768960138308,21,15.65617847711797,50,50,2000,1.conv1,0,lenet,exemplar,nn,0.9701,0.7308,0.1,0.1,1,False
25,1.4617562683286984,4.201458999197777,0.05442351067634083,0.0,1.381768960138308,21,15.65617847711797,50,50,2000,1.conv1,0,lenet,exemplar,nn,0.9701,0.7308,0.1,0.1,1,False
26,1.4511080747889813,4.426160765171652,0.12235804191258016,7.0,1.381768960138308,21,15.65617847711797,50,50,2000,1.conv1,0,lenet,exemplar,nn,0.9701,0.7308,0.1,0.1,1,False
27,1.3736468455257296,4.415226466289321,0.09063980331540038,4.0,1.381768960138308,21,15.65617847711797,50,50,2000,1.conv1,0,lenet,exemplar,nn,0.9701,0.7308,0.1,0.1,1,False
28,1.7478246111660443,4.134782289191259,0.08329547081103596,0.0,1.381768960138308,21,15.65617847711797,50,50,2000,1.conv1,0,lenet,exemplar,nn,0.9701,0.7308,0.1,0.1,1,False
29,1.1786448461114278,5.353486291622833,0.18042034747524338,1.0,1.381768960138308,21,15.65617847711797,50,50,2000,1.conv1,0,lenet,exemplar,nn,0.9701,0.7308,0.1,0.1,1,False
30,1.5530739110495209,3.998247015305335,0.08654152263448793,3.0,1.381768960138308,21,15.65617847711797,50,50,2000,1.conv1,0,lenet,exemplar,nn,0.9701,0.7308,0.1,0.1,1,False
31,1.130165148943737,4.9832882136276835,0.19953411740718274,1.0,1.381768960138308,21,15.65617847711797,50,50,2000,1.conv1,0,lenet,exemplar,nn,0.9701,0.7308,0.1,0.1,1,False
32,1.2810293775957555,4.47642006745291,0.08752671317665678,3.0,1.381768960138308,21,15.65617847711797,50,50,2000,1.conv1,0,lenet,exemplar,nn,0.9701,0.7308,0.1,0.1,1,False
33,1.5269724231662007,4.41905203580388,0.07930070106401307,4.0,1.381768960138308,21,15.65617847711797,50,50,2000,1.conv1,0,lenet,exemplar,nn,0.9701,0.7308,0.1,0.1,1,False
34,1.255712393436234,4.7753526657611385,0.08066356218683812,7.0,1.381768960138308,21,15.65617847711797,50,50,2000,1.conv1,0,lenet,exemplar,nn,0.9701,0.7308,0.1,0.1,1,False
35,1.3917986688680102,3.8808275095727796,0.06355163021333697,2.0,1.381768960138308,21,15.65617847711797,50,50,2000,1.conv1,0,lenet,exemplar,nn,0.9701,0.7308,0.1,0.1,1,False
36,1.3444235895252798,4.736707126549486,0.11281859136479873,7.0,1.381768960138308,21,15.65617847711797,50,50,2000,1.conv1,0,lenet,exemplar,nn,0.9701,0.7308,0.1,0.1,1,False
37,1.0556209416776325,5.113287537565225,0.1825633724875837,1.0,1.381768960138308,21,15.65617847711797,50,50,2000,1.conv1,0,lenet,exemplar,nn,0.9701,0.7308,0.1,0.1,1,False
38,1.093144378251254,4.674021901350257,0.11788834226967584,2.0,1.381768960138308,21,15.65617847711797,50,50,2000,1.conv1,0,lenet,exemplar,nn,0.9701,0.7308,0.1,0.1,1,False
39,1.2096692813177563,5.336622635184537,0.1585026762999111,1.0,1.381768960138308,21,15.65617847711797,50,50,2000,1.conv1,0,lenet,exemplar,nn,0.9701,0.7308,0.1,0.1,1,False
40,0.8552605265544939,5.160436046692571,0.24102783501781766,1.0,1.381768960138308,21,15.65617847711797,50,50,2000,1.conv1,0,lenet,exemplar,nn,0.9701,0.7308,0.1,0.1,1,False
41,1.8447622217220943,4.357064889417386,0.1268107059065525,7.0,1.381768960138308,21,15.65617847711797,50,50,2000,1.conv1,0,lenet,exemplar,nn,0.9701,0.7308,0.1,0.1,1,False
42,1.560000864598163,4.036719745404032,0.11393369198777382,4.0,1.381768960138308,21,15.65617847711797,50,50,2000,1.conv1,0,lenet,exemplar,nn,0.9701,0.7308,0.1,0.1,1,False
43,1.4835590564634051,4.865528092491847,0.11713575072088714,2.0,1.381768960138308,21,15.65617847711797,50,50,2000,1.conv1,0,lenet,exemplar,nn,0.9701,0.7308,0.1,0.1,1,False
44,1.7944492195895232,4.385190016462378,0.12663704096012898,3.0,1.381768960138308,21,15.65617847711797,50,50,2000,1.conv1,0,lenet,exemplar,nn,0.9701,0.7308,0.1,0.1,1,False
45,1.8749343683667423,4.650925055070146,0.11864303794979922,5.0,1.381768960138308,21,15.65617847711797,50,50,2000,1.conv1,0,lenet,exemplar,nn,0.9701,0.7308,0.1,0.1,1,False
46,1.4545175332628617,4.69896025713682,0.13341469666547173,1.0,1.381768960138308,21,15.65617847711797,50,50,2000,1.conv1,0,lenet,exemplar,nn,0.9701,0.7308,0.1,0.1,1,False
47,1.3642877301468068,4.444377421638161,0.13391245563482496,2.0,1.381768960138308,21,15.65617847711797,50,50,2000,1.conv1,0,lenet,exemplar,nn,0.9701,0.7308,0.1,0.1,1,False
48,1.3142144187229483,4.403306299498478,0.0609128647463423,4.0,1.381768960138308,21,15.65617847711797,50,50,2000,1.conv1,0,lenet,exemplar,nn,0.9701,0.7308,0.1,0.1,1,False
49,1.9603942424431038,3.4330152576450548,0.1673516074878464,4.0,1.381768960138308,21,15.65617847711797,50,50,2000,1.conv1,0,lenet,exemplar,nn,0.9701,0.7308,0.1,0.1,1,False
0,1.2194235898767725,4.42823842251933,0.12779559401396895,7.0,1.381768960138308,21,15.65617847711797,50,50,2000,2.norm,0,lenet,exemplar,nn,0.9701,0.7308,0.1,0.1,1,False
1,1.6053722205916126,3.94357710139833,0.07978880401650415,2.0,1.381768960138308,21,15.65617847711797,50,50,2000,2.norm,0,lenet,exemplar,nn,0.9701,0.7308,0.1,0.1,1,False
2,0.8436733695384786,4.812351434392046,0.21086897900499396,1.0,1.381768960138308,21,15.65617847711797,50,50,2000,2.norm,0,lenet,exemplar,nn,0.9701,0.7308,0.1,0.1,1,False
3,1.5189068814491322,4.1594145444536865,0.07878791585566244,0.0,1.381768960138308,21,15.65617847711797,50,50,2000,2.norm,0,lenet,exemplar,nn,0.9701,0.7308,0.1,0.1,1,False
4,1.4958025667533184,4.271586001231147,0.10643023724164717,4.0,1.381768960138308,21,15.65617847711797,50,50,2000,2.norm,0,lenet,exemplar,nn,0.9701,0.7308,0.1,0.1,1,False
5,1.2370406607369493,4.876042511053623,0.17642178972573672,1.0,1.381768960138308,21,15.65617847711797,50,50,2000,2.norm,0,lenet,exemplar,nn,0.9701,0.7308,0.1,0.1,1,False
6,1.3180619453664792,4.750109206601377,0.10048683766854376,4.0,1.381768960138308,21,15.65617847711797,50,50,2000,2.norm,0,lenet,exemplar,nn,0.9701,0.7308,0.1,0.1,1,False
7,1.1784313052949864,4.351872318849347,0.10357933978580648,9.0,1.381768960138308,21,15.65617847711797,50,50,2000,2.norm,0,lenet,exemplar,nn,0.9701,0.7308,0.1,0.1,1,False
8,1.434815720841394,4.639751424117016,0.05797273455526615,5.0,1.381768960138308,21,15.65617847711797,50,50,2000,2.norm,0,lenet,exemplar,nn,0.9701,0.7308,0.1,0.1,1,False
9,1.5331971374593794,4.494189062393977,0.09883291180910114,9.0,1.381768960138308,21,15.65617847711797,50,50,2000,2.norm,0,lenet,exemplar,nn,0.9701,0.7308,0.1,0.1,1,False
10,1.7596297821859068,4.173205022915677,0.07828142122840559,0.0,1.381768960138308,21,15.65617847711797,50,50,2000,2.norm,0,lenet,exemplar,nn,0.9701,0.7308,0.1,0.1,1,False
11,1.4475023899200268,4.499596218592463,0.08714638382107938,6.0,1.381768960138308,21,15.65617847711797,50,50,2000,2.norm,0,lenet,exemplar,nn,0.9701,0.7308,0.1,0.1,1,False
12,1.1636863726736633,4.43962825690883,0.1275980377796301,9.0,1.381768960138308,21,15.65617847711797,50,50,2000,2.norm,0,lenet,exemplar,nn,0.9701,0.7308,0.1,0.1,1,False
13,1.7659769034238026,4.791434603021861,0.08260387524765186,0.0,1.381768960138308,21,15.65617847711797,50,50,2000,2.norm,0,lenet,exemplar,nn,0.9701,0.7308,0.1,0.1,1,False
14,1.3592380575920777,5.045711011722635,0.16352521650479637,1.0,1.381768960138308,21,15.65617847711797,50,50,2000,2.norm,0,lenet,exemplar,nn,0.9701,0.7308,0.1,0.1,1,False
15,1.4918348862851154,4.914115413751318,0.07240802348781307,5.0,1.381768960138308,21,15.65617847711797,50,50,2000,2.norm,0,lenet,exemplar,nn,0.9701,0.7308,0.1,0.1,1,False
16,1.1483494188842407,4.476877585659365,0.11414598114053771,9.0,1.381768960138308,21,15.65617847711797,50,50,2000,2.norm,0,lenet,exemplar,nn,0.9701,0.7308,0.1,0.1,1,False
17,1.5832105317714815,4.579765154897357,0.10019705526803964,7.0,1.381768960138308,21,15.65617847711797,50,50,2000,2.norm,0,lenet,exemplar,nn,0.9701,0.7308,0.1,0.1,1,False
18,2.3701456535317598,4.458578372213939,0.07606221199248457,3.0,1.381768960138308,21,15.65617847711797,50,50,2000,2.norm,0,lenet,exemplar,nn,0.9701,0.7308,0.1,0.1,1,False
19,1.2946598427717353,4.426083395677809,0.09645112455445178,4.0,1.381768960138308,21,15.65617847711797,50,50,2000,2.norm,0,lenet,exemplar,nn,0.9701,0.7308,0.1,0.1,1,False
20,1.4475186879697195,4.61960585111524,0.10497773987007893,9.0,1.381768960138308,21,15.65617847711797,50,50,2000,2.norm,0,lenet,exemplar,nn,0.9701,0.7308,0.1,0.1,1,False
21,1.5385318092330877,4.365302752522247,0.10428404717328021,6.0,1.381768960138308,21,15.65617847711797,50,50,2000,2.norm,0,lenet,exemplar,nn,0.9701,0.7308,0.1,0.1,1,False
22,1.7205872709862198,4.181539147279512,0.09953321469825625,6.0,1.381768960138308,21,15.65617847711797,50,50,2000,2.norm,0,lenet,exemplar,nn,0.9701,0.7308,0.1,0.1,1,False
23,1.584749180806706,4.553716853118275,0.0983494074945551,5.0,1.381768960138308,21,15.65617847711797,50,50,2000,2.norm,0,lenet,exemplar,nn,0.9701,0.7308,0.1,0.1,1,False
24,1.1325592048249065,4.8454930312382,0.17370758878630532,4.0,1.381768960138308,21,15.65617847711797,50,50,2000,2.norm,0,lenet,exemplar,nn,0.9701,0.7308,0.1,0.1,1,False
25,1.4617562683286984,4.201458999197777,0.05442351067634083,0.0,1.381768960138308,21,15.65617847711797,50,50,2000,2.norm,0,lenet,exemplar,nn,0.9701,0.7308,0.1,0.1,1,False
26,1.4511080747889813,4.426160765171652,0.12235804191258016,7.0,1.381768960138308,21,15.65617847711797,50,50,2000,2.norm,0,lenet,exemplar,nn,0.9701,0.7308,0.1,0.1,1,False
27,1.3736468455257296,4.415226466289321,0.09063980331540038,4.0,1.381768960138308,21,15.65617847711797,50,50,2000,2.norm,0,lenet,exemplar,nn,0.9701,0.7308,0.1,0.1,1,False
28,1.7478246111660443,4.134782289191259,0.08329547081103596,0.0,1.381768960138308,21,15.65617847711797,50,50,2000,2.norm,0,lenet,exemplar,nn,0.9701,0.7308,0.1,0.1,1,False
29,1.1786448461114278,5.353486291622833,0.18042034747524338,1.0,1.381768960138308,21,15.65617847711797,50,50,2000,2.norm,0,lenet,exemplar,nn,0.9701,0.7308,0.1,0.1,1,False
30,1.5530739110495209,3.998247015305335,0.08654152263448793,3.0,1.381768960138308,21,15.65617847711797,50,50,2000,2.norm,0,lenet,exemplar,nn,0.9701,0.7308,0.1,0.1,1,False
31,1.130165148943737,4.9832882136276835,0.19953411740718274,1.0,1.381768960138308,21,15.65617847711797,50,50,2000,2.norm,0,lenet,exemplar,nn,0.9701,0.7308,0.1,0.1,1,False
32,1.2810293775957555,4.47642006745291,0.08752671317665678,3.0,1.381768960138308,21,15.65617847711797,50,50,2000,2.norm,0,lenet,exemplar,nn,0.9701,0.7308,0.1,0.1,1,False
33,1.5269724231662007,4.41905203580388,0.07930070106401307,4.0,1.381768960138308,21,15.65617847711797,50,50,2000,2.norm,0,lenet,exemplar,nn,0.9701,0.7308,0.1,0.1,1,False
34,1.255712393436234,4.7753526657611385,0.08066356218683812,7.0,1.381768960138308,21,15.65617847711797,50,50,2000,2.norm,0,lenet,exemplar,nn,0.9701,0.7308,0.1,0.1,1,False
35,1.3917986688680102,3.8808275095727796,0.06355163021333697,2.0,1.381768960138308,21,15.65617847711797,50,50,2000,2.norm,0,lenet,exemplar,nn,0.9701,0.7308,0.1,0.1,1,False
36,1.3444235895252798,4.736707126549486,0.11281859136479873,7.0,1.381768960138308,21,15.65617847711797,50,50,2000,2.norm,0,lenet,exemplar,nn,0.9701,0.7308,0.1,0.1,1,False
37,1.0556209416776325,5.113287537565225,0.1825633724875837,1.0,1.381768960138308,21,15.65617847711797,50,50,2000,2.norm,0,lenet,exemplar,nn,0.9701,0.7308,0.1,0.1,1,False
38,1.093144378251254,4.674021901350257,0.11788834226967584,2.0,1.381768960138308,21,15.65617847711797,50,50,2000,2.norm,0,lenet,exemplar,nn,0.9701,0.7308,0.1,0.1,1,False
39,1.2096692813177563,5.336622635184537,0.1585026762999111,1.0,1.381768960138308,21,15.65617847711797,50,50,2000,2.norm,0,lenet,exemplar,nn,0.9701,0.7308,0.1,0.1,1,False
40,0.8552605265544939,5.160436046692571,0.24102783501781766,1.0,1.381768960138308,21,15.65617847711797,50,50,2000,2.norm,0,lenet,exemplar,nn,0.9701,0.7308,0.1,0.1,1,False
41,1.8447622217220943,4.357064889417386,0.1268107059065525,7.0,1.381768960138308,21,15.65617847711797,50,50,2000,2.norm,0,lenet,exemplar,nn,0.9701,0.7308,0.1,0.1,1,False
42,1.560000864598163,4.036719745404032,0.11393369198777382,4.0,1.381768960138308,21,15.65617847711797,50,50,2000,2.norm,0,lenet,exemplar,nn,0.9701,0.7308,0.1,0.1,1,False
43,1.4835590564634051,4.865528092491847,0.11713575072088714,2.0,1.381768960138308,21,15.65617847711797,50,50,2000,2.norm,0,lenet,exemplar,nn,0.9701,0.7308,0.1,0.1,1,False
44,1.7944492195895232,4.385190016462378,0.12663704096012898,3.0,1.381768960138308,21,15.65617847711797,50,50,2000,2.norm,0,lenet,exemplar,nn,0.9701,0.7308,0.1,0.1,1,False
45,1.8749343683667423,4.650925055070146,0.11864303794979922,5.0,1.381768960138308,21,15.65617847711797,50,50,2000,2.norm,0,lenet,exemplar,nn,0.9701,0.7308,0.1,0.1,1,False
46,1.4545175332628617,4.69896025713682,0.13341469666547173,1.0,1.381768960138308,21,15.65617847711797,50,50,2000,2.norm,0,lenet,exemplar,nn,0.9701,0.7308,0.1,0.1,1,False
47,1.3642877301468068,4.444377421638161,0.13391245563482496,2.0,1.381768960138308,21,15.65617847711797,50,50,2000,2.norm,0,lenet,exemplar,nn,0.9701,0.7308,0.1,0.1,1,False
48,1.3142144187229483,4.403306299498478,0.0609128647463423,4.0,1.381768960138308,21,15.65617847711797,50,50,2000,2.norm,0,lenet,exemplar,nn,0.9701,0.7308,0.1,0.1,1,False
49,1.9603942424431038,3.4330152576450548,0.1673516074878464,4.0,1.381768960138308,21,15.65617847711797,50,50,2000,2.norm,0,lenet,exemplar,nn,0.9701,0.7308,0.1,0.1,1,False
0,1.7305846048365783,3.839384191584505,0.14723122618887227,7.0,1.450424938018273,26,19.640974044799805,50,50,2000,3.relu,0,lenet,exemplar,nn,0.9701,0.7308,0.1,0.1,1,False
1,1.7355175800606293,3.717705292560712,0.07793206046038763,2.0,1.450424938018273,26,19.640974044799805,50,50,2000,3.relu,0,lenet,exemplar,nn,0.9701,0.7308,0.1,0.1,1,False
2,0.909659722587277,4.80785499086821,0.1784999355797126,1.0,1.450424938018273,26,19.640974044799805,50,50,2000,3.relu,0,lenet,exemplar,nn,0.9701,0.7308,0.1,0.1,1,False
3,1.7610096332328118,3.9100006543613475,0.06675552692952319,0.0,1.450424938018273,26,19.640974044799805,50,50,2000,3.relu,0,lenet,exemplar,nn,0.9701,0.7308,0.1,0.1,1,False
4,1.2821033111915296,3.7664698615402523,0.10683792416689689,4.0,1.450424938018273,26,19.640974044799805,50,50,2000,3.relu,0,lenet,exemplar,nn,0.9701,0.7308,0.1,0.1,1,False
5,1.6547882845195405,4.603399808833928,0.12710454116291262,1.0,1.450424938018273,26,19.640974044799805,50,50,2000,3.relu,0,lenet,exemplar,nn,0.9701,0.7308,0.1,0.1,1,False
6,1.1441575189006672,4.129592614446849,0.09150443575126152,4.0,1.450424938018273,26,19.640974044799805,50,50,2000,3.relu,0,lenet,exemplar,nn,0.9701,0.7308,0.1,0.1,1,False
7,1.6080745292270755,4.031613322017193,0.10193865136766815,9.0,1.450424938018273,26,19.640974044799805,50,50,2000,3.relu,0,lenet,exemplar,nn,0.9701,0.7308,0.1,0.1,1,False
8,1.7339297014846715,4.45991672872548,0.05220335297012821,5.0,1.450424938018273,26,19.640974044799805,50,50,2000,3.relu,0,lenet,exemplar,nn,0.9701,0.7308,0.1,0.1,1,False
9,1.5456616530786762,3.9944544582499644,0.12207323365911171,9.0,1.450424938018273,26,19.640974044799805,50,50,2000,3.relu,0,lenet,exemplar,nn,0.9701,0.7308,0.1,0.1,1,False
10,1.3612191510872338,4.0138173195640325,0.07798277078532397,0.0,1.450424938018273,26,19.640974044799805,50,50,2000,3.relu,0,lenet,exemplar,nn,0.9701,0.7308,0.1,0.1,1,False
11,1.6557977629859082,4.213585005302658,0.0886539828914382,6.0,1.450424938018273,26,19.640974044799805,50,50,2000,3.relu,0,lenet,exemplar,nn,0.9701,0.7308,0.1,0.1,1,False
12,1.4229754835515038,4.315814419066582,0.14916185969485188,9.0,1.450424938018273,26,19.640974044799805,50,50,2000,3.relu,0,lenet,exemplar,nn,0.9701,0.7308,0.1,0.1,1,False
13,1.5289759841206618,4.245152435416428,0.06860298401107308,0.0,1.450424938018273,26,19.640974044799805,50,50,2000,3.relu,0,lenet,exemplar,nn,0.9701,0.7308,0.1,0.1,1,False
14,1.0860299738604804,4.953406687179088,0.10475879236768143,1.0,1.450424938018273,26,19.640974044799805,50,50,2000,3.relu,0,lenet,exemplar,nn,0.9701,0.7308,0.1,0.1,1,False
15,1.7141436624350375,4.224823365941692,0.07596730186655642,5.0,1.450424938018273,26,19.640974044799805,50,50,2000,3.relu,0,lenet,exemplar,nn,0.9701,0.7308,0.1,0.1,1,False
16,0.9863479558104135,4.248808335860631,0.11909842335586682,9.0,1.450424938018273,26,19.640974044799805,50,50,2000,3.relu,0,lenet,exemplar,nn,0.9701,0.7308,0.1,0.1,1,False
17,1.13118607198233,3.9111382586602996,0.10401496820269601,7.0,1.450424938018273,26,19.640974044799805,50,50,2000,3.relu,0,lenet,exemplar,nn,0.9701,0.7308,0.1,0.1,1,False
18,1.2552073327501745,4.374643799635256,0.07205052438501174,3.0,1.450424938018273,26,19.640974044799805,50,50,2000,3.relu,0,lenet,exemplar,nn,0.9701,0.7308,0.1,0.1,1,False
19,1.77402439555361,4.359762985121373,0.10560830155963678,4.0,1.450424938018273,26,19.640974044799805,50,50,2000,3.relu,0,lenet,exemplar,nn,0.9701,0.7308,0.1,0.1,1,False
20,1.5444931183570936,4.195932812501037,0.12455692300091023,9.0,1.450424938018273,26,19.640974044799805,50,50,2000,3.relu,0,lenet,exemplar,nn,0.9701,0.7308,0.1,0.1,1,False
21,1.5702514608117826,3.8309305272536793,0.12347270700689535,6.0,1.450424938018273,26,19.640974044799805,50,50,2000,3.relu,0,lenet,exemplar,nn,0.9701,0.7308,0.1,0.1,1,False
22,1.5747296050809452,3.4177633946007266,0.10204977569506604,6.0,1.450424938018273,26,19.640974044799805,50,50,2000,3.relu,0,lenet,exemplar,nn,0.9701,0.7308,0.1,0.1,1,False
23,1.1839255212607604,3.829895130673549,0.11825485289514831,5.0,1.450424938018273,26,19.640974044799805,50,50,2000,3.relu,0,lenet,exemplar,nn,0.9701,0.7308,0.1,0.1,1,False
24,1.0113560691296082,4.014697459203624,0.21497941807198812,4.0,1.450424938018273,26,19.640974044799805,50,50,2000,3.relu,0,lenet,exemplar,nn,0.9701,0.7308,0.1,0.1,1,False
25,2.129318690467086,4.099191055745045,0.06288507268053892,0.0,1.450424938018273,26,19.640974044799805,50,50,2000,3.relu,0,lenet,exemplar,nn,0.9701,0.7308,0.1,0.1,1,False
26,1.3791887572037087,4.105158067949423,0.1116502896015826,7.0,1.450424938018273,26,19.640974044799805,50,50,2000,3.relu,0,lenet,exemplar,nn,0.9701,0.7308,0.1,0.1,1,False
27,1.1409999953393632,4.182111159859686,0.0800663350818543,4.0,1.450424938018273,26,19.640974044799805,50,50,2000,3.relu,0,lenet,exemplar,nn,0.9701,0.7308,0.1,0.1,1,False
28,1.685001097849009,3.682899957769977,0.0709527470466275,0.0,1.450424938018273,26,19.640974044799805,50,50,2000,3.relu,0,lenet,exemplar,nn,0.9701,0.7308,0.1,0.1,1,False
29,1.2719596184290922,4.770900508032644,0.1498354141773474,1.0,1.450424938018273,26,19.640974044799805,50,50,2000,3.relu,0,lenet,exemplar,nn,0.9701,0.7308,0.1,0.1,1,False
30,2.162934610177538,4.174845617970776,0.08243057940016034,3.0,1.450424938018273,26,19.640974044799805,50,50,2000,3.relu,0,lenet,exemplar,nn,0.9701,0.7308,0.1,0.1,1,False
31,1.8203473458164823,4.742746045508334,0.15684047217872238,1.0,1.450424938018273,26,19.640974044799805,50,50,2000,3.relu,0,lenet,exemplar,nn,0.9701,0.7308,0.1,0.1,1,False
32,1.5435735810461664,4.204329377661533,0.08958164314196203,3.0,1.450424938018273,26,19.640974044799805,50,50,2000,3.relu,0,lenet,exemplar,nn,0.9701,0.7308,0.1,0.1,1,False
33,1.4619475077772592,3.9725007904412113,0.0725008354095084,4.0,1.450424938018273,26,19.640974044799805,50,50,2000,3.relu,0,lenet,exemplar,nn,0.9701,0.7308,0.1,0.1,1,False
34,2.5816073681770084,3.8433491404284474,0.10792361474743413,7.0,1.450424938018273,26,19.640974044799805,50,50,2000,3.relu,0,lenet,exemplar,nn,0.9701,0.7308,0.1,0.1,1,False
35,1.610074839610498,4.596648251951678,0.06466365999944387,2.0,1.450424938018273,26,19.640974044799805,50,50,2000,3.relu,0,lenet,exemplar,nn,0.9701,0.7308,0.1,0.1,1,False
36,1.5758338401627,4.077722025819983,0.1233096886235965,7.0,1.450424938018273,26,19.640974044799805,50,50,2000,3.relu,0,lenet,exemplar,nn,0.9701,0.7308,0.1,0.1,1,False
37,1.4700361399266089,4.99801392396462,0.147940756100214,1.0,1.450424938018273,26,19.640974044799805,50,50,2000,3.relu,0,lenet,exemplar,nn,0.9701,0.7308,0.1,0.1,1,False
38,1.5613619457311596,4.057276234965215,0.13134700913246244,2.0,1.450424938018273,26,19.640974044799805,50,50,2000,3.relu,0,lenet,exemplar,nn,0.9701,0.7308,0.1,0.1,1,False
39,1.7473978130177197,4.999265652018592,0.13113058511934525,1.0,1.450424938018273,26,19.640974044799805,50,50,2000,3.relu,0,lenet,exemplar,nn,0.9701,0.7308,0.1,0.1,1,False
40,0.8251326495532845,5.278284965575848,0.2249079418324671,1.0,1.450424938018273,26,19.640974044799805,50,50,2000,3.relu,0,lenet,exemplar,nn,0.9701,0.7308,0.1,0.1,1,False
41,1.559710041229088,4.667911691056421,0.1064658459391103,7.0,1.450424938018273,26,19.640974044799805,50,50,2000,3.relu,0,lenet,exemplar,nn,0.9701,0.7308,0.1,0.1,1,False
42,2.055438551776142,3.645297847840719,0.10059676088441026,4.0,1.450424938018273,26,19.640974044799805,50,50,2000,3.relu,0,lenet,exemplar,nn,0.9701,0.7308,0.1,0.1,1,False
43,1.4609296237809455,4.341866242877825,0.1044962904279365,2.0,1.450424938018273,26,19.640974044799805,50,50,2000,3.relu,0,lenet,exemplar,nn,0.9701,0.7308,0.1,0.1,1,False
44,2.24343850667138,3.807440223138323,0.11759739218156942,3.0,1.450424938018273,26,19.640974044799805,50,50,2000,3.relu,0,lenet,exemplar,nn,0.9701,0.7308,0.1,0.1,1,False
45,1.2448753055708788,3.8076970258252527,0.1474094999234495,5.0,1.450424938018273,26,19.640974044799805,50,50,2000,3.relu,0,lenet,exemplar,nn,0.9701,0.7308,0.1,0.1,1,False
46,1.7008455476777231,4.0326034540342075,0.09990782139874653,1.0,1.450424938018273,26,19.640974044799805,50,50,2000,3.relu,0,lenet,exemplar,nn,0.9701,0.7308,0.1,0.1,1,False
47,1.1610234731206261,3.99124841610481,0.1572839684688968,2.0,1.450424938018273,26,19.640974044799805,50,50,2000,3.relu,0,lenet,exemplar,nn,0.9701,0.7308,0.1,0.1,1,False
48,1.4518114900645231,3.490612430938336,0.07249418655927818,4.0,1.450424938018273,26,19.640974044799805,50,50,2000,3.relu,0,lenet,exemplar,nn,0.9701,0.7308,0.1,0.1,1,False
49,1.6790630431566111,2.6839984118430147,0.2282714534110023,4.0,1.450424938018273,26,19.640974044799805,50,50,2000,3.relu,0,lenet,exemplar,nn,0.9701,0.7308,0.1,0.1,1,False
0,1.5993041793078682,4.161939812861873,0.12052480794544557,7.0,1.4541576400732148,17,12.267129898071289,50,50,2000,4.conv2,0,lenet,exemplar,nn,0.9701,0.7308,0.1,0.1,1,False
1,1.853025381849342,4.043274652574266,0.06584783459979329,2.0,1.4541576400732148,17,12.267129898071289,50,50,2000,4.conv2,0,lenet,exemplar,nn,0.9701,0.7308,0.1,0.1,1,False
2,1.2284143431115795,4.88600470085175,0.18887920887098264,1.0,1.4541576400732148,17,12.267129898071289,50,50,2000,4.conv2,0,lenet,exemplar,nn,0.9701,0.7308,0.1,0.1,1,False
3,1.5166721874402471,4.061859927292235,0.05288989401121579,0.0,1.4541576400732148,17,12.267129898071289,50,50,2000,4.conv2,0,lenet,exemplar,nn,0.9701,0.7308,0.1,0.1,1,False
4,2.150539046236161,3.7430456106418384,0.1059413393772922,4.0,1.4541576400732148,17,12.267129898071289,50,50,2000,4.conv2,0,lenet,exemplar,nn,0.9701,0.7308,0.1,0.1,1,False
5,0.9698058658751618,4.650246527003633,0.15325057727499794,1.0,1.4541576400732148,17,12.267129898071289,50,50,2000,4.conv2,0,lenet,exemplar,nn,0.9701,0.7308,0.1,0.1,1,False
6,1.6340041981589533,4.133776142092159,0.0814048766438975,4.0,1.4541576400732148,17,12.267129898071289,50,50,2000,4.conv2,0,lenet,exemplar,nn,0.9701,0.7308,0.1,0.1,1,False
7,1.5412603988766806,4.177744395291324,0.08760380798530464,9.0,1.4541576400732148,17,12.267129898071289,50,50,2000,4.conv2,0,lenet,exemplar,nn,0.9701,0.7308,0.1,0.1,1,False
8,1.9413238223837446,4.286819637430512,0.03807616392346087,5.0,1.4541576400732148,17,12.267129898071289,50,50,2000,4.conv2,0,lenet,exemplar,nn,0.9701,0.7308,0.1,0.1,1,False
9,1.1052230266829666,4.011550445512643,0.08875787086800796,9.0,1.4541576400732148,17,12.267129898071289,50,50,2000,4.conv2,0,lenet,exemplar,nn,0.9701,0.7308,0.1,0.1,1,False
10,1.3710810391242918,3.805890489931614,0.06550938638374688,0.0,1.4541576400732148,17,12.267129898071289,50,50,2000,4.conv2,0,lenet,exemplar,nn,0.9701,0.7308,0.1,0.1,1,False
11,1.5447870347934927,4.5098443405373185,0.07275677838974555,6.0,1.4541576400732148,17,12.267129898071289,50,50,2000,4.conv2,0,lenet,exemplar,nn,0.9701,0.7308,0.1,0.1,1,False
12,1.9366176729068136,4.338150527335462,0.10538264227863121,9.0,1.4541576400732148,17,12.267129898071289,50,50,2000,4.conv2,0,lenet,exemplar,nn,0.9701,0.7308,0.1,0.1,1,False
13,1.862115059888632,4.522471667953003,0.06297922870705207,0.0,1.4541576400732148,17,12.267129898071289,50,50,2000,4.conv2,0,lenet,exemplar,nn,0.9701,0.7308,0.1,0.1,1,False
14,1.3072089032164702,3.8780002327590206,0.13798876294322945,1.0,1.4541576400732148,17,12.267129898071289,50,50,2000,4.conv2,0,lenet,exemplar,nn,0.9701,0.7308,0.1,0.1,1,False
15,1.5054045181424225,4.6735305019727,0.052528914569596984,5.0,1.4541576400732148,17,12.267129898071289,50,50,2000,4.conv2,0,lenet,exemplar,nn,0.9701,0.7308,0.1,0.1,1,False
16,1.3756153951329735,4.2321471797029675,0.10669550197537667,9.0,1.4541576400732148,17,12.267129898071289,50,50,2000,4.conv2,0,lenet,exemplar,nn,0.9701,0.7308,0.1,0.1,1,False
17,1.5489322850018987,3.9620331070139327,0.08262808816872996,7.0,1.4541576400732148,17,12.267129898071289,50,50,2000,4.conv2,0,lenet,exemplar,nn,0.9701,0.7308,0.1,0.1,1,False
18,1.707410357805148,4.126001084557942,0.059361115564720374,3.0,1.4541576400732148,17,12.267129898071289,50,50,2000,4.conv2,0,lenet,exemplar,nn,0.9701,0.7308,0.1,0.1,1,False
19,1.6777079326469604,4.294783877262571,0.07226644763617714,4.0,1.4541576400732148,17,12.267129898071289,50,50,2000,4.conv2,0,lenet,exemplar,nn,0.9701,0.7308,0.1,0.1,1,False
20,1.1997939579387815,4.056239619334188,0.093480850496948,9.0,1.4541576400732148,17,12.267129898071289,50,50,2000,4.conv2,0,lenet,exemplar,nn,0.9701,0.7308,0.1,0.1,1,False
21,1.587314801909497,3.9741469412200177,0.09408367263222181,6.0,1.4541576400732148,17,12.267129898071289,50,50,2000,4.conv2,0,lenet,exemplar,nn,0.9701,0.7308,0.1,0.1,1,False
22,2.001997285725599,3.5806707827425814,0.0845336153697398,6.0,1.4541576400732148,17,12.267129898071289,50,50,2000,4.conv2,0,lenet,exemplar,nn,0.9701,0.7308,0.1,0.1,1,False
23,1.0360001549613247,3.842760189843343,0.09619970238831523,5.0,1.4541576400732148,17,12.267129898071289,50,50,2000,4.conv2,0,lenet,exemplar,nn,0.9701,0.7308,0.1,0.1,1,False
24,1.1488916914618839,4.7132167883635745,0.1478527327411564,4.0,1.4541576400732148,17,12.267129898071289,50,50,2000,4.conv2,0,lenet,exemplar,nn,0.9701,0.7308,0.1,0.1,1,False
25,1.8541741454617373,3.9137954211922192,0.04012919041166,0.0,1.4541576400732148,17,12.267129898071289,50,50,2000,4.conv2,0,lenet,exemplar,nn,0.9701,0.7308,0.1,0.1,1,False
26,1.4287487756231194,3.6972566976662216,0.10772599309827577,7.0,1.4541576400732148,17,12.267129898071289,50,50,2000,4.conv2,0,lenet,exemplar,nn,0.9701,0.7308,0.1,0.1,1,False
27,1.6254618381908659,3.880459614745818,0.06834550060695975,4.0,1.4541576400732148,17,12.267129898071289,50,50,2000,4.conv2,0,lenet,exemplar,nn,0.9701,0.7308,0.1,0.1,1,False
28,1.650555427833673,3.6847617343822177,0.06770268103410208,0.0,1.4541576400732148,17,12.267129898071289,50,50,2000,4.conv2,0,lenet,exemplar,nn,0.9701,0.7308,0.1,0.1,1,False
29,1.4680595600463895,4.886971545916896,0.1674689160232134,1.0,1.4541576400732148,17,12.267129898071289,50,50,2000,4.conv2,0,lenet,exemplar,nn,0.9701,0.7308,0.1,0.1,1,False
30,1.2903873161173445,3.6639399212425117,0.0716877682054587,3.0,1.4541576400732148,17,12.267129898071289,50,50,2000,4.conv2,0,lenet,exemplar,nn,0.9701,0.7308,0.1,0.1,1,False
31,1.1787708048939476,4.8741827178611015,0.1927955874014887,1.0,1.4541576400732148,17,12.267129898071289,50,50,2000,4.conv2,0,lenet,exemplar,nn,0.9701,0.7308,0.1,0.1,1,False
32,2.9466370185328055,4.13410782568783,0.06934916921515999,3.0,1.4541576400732148,17,12.267129898071289,50,50,2000,4.conv2,0,lenet,exemplar,nn,0.9701,0.7308,0.1,0.1,1,False
33,1.3483505505288946,3.82360480873981,0.06205453214518217,4.0,1.4541576400732148,17,12.267129898071289,50,50,2000,4.conv2,0,lenet,exemplar,nn,0.9701,0.7308,0.1,0.1,1,False
34,1.3180896475594974,4.500754147349793,0.07744111881218746,7.0,1.4541576400732148,17,12.267129898071289,50,50,2000,4.conv2,0,lenet,exemplar,nn,0.9701,0.7308,0.1,0.1,1,False
35,2.172537606145293,4.380591977154837,0.04564490525602926,2.0,1.4541576400732148,17,12.267129898071289,50,50,2000,4.conv2,0,lenet,exemplar,nn,0.9701,0.7308,0.1,0.1,1,False
36,1.5739971091122846,4.03339940201494,0.1084294536261416,7.0,1.4541576400732148,17,12.267129898071289,50,50,2000,4.conv2,0,lenet,exemplar,nn,0.9701,0.7308,0.1,0.1,1,False
37,1.4193100630838622,4.827912362032126,0.16887861805311957,1.0,1.4541576400732148,17,12.267129898071289,50,50,2000,4.conv2,0,lenet,exemplar,nn,0.9701,0.7308,0.1,0.1,1,False
38,1.719689981592963,4.293997431047108,0.08736973406808364,2.0,1.4541576400732148,17,12.267129898071289,50,50,2000,4.conv2,0,lenet,exemplar,nn,0.9701,0.7308,0.1,0.1,1,False
39,1.1572005551959619,5.1171836339319805,0.13985828109034318,1.0,1.4541576400732148,17,12.267129898071289,50,50,2000,4.conv2,0,lenet,exemplar,nn,0.9701,0.7308,0.1,0.1,1,False
40,0.8823785627305941,4.9521262854718,0.19922884175886763,1.0,1.4541576400732148,17,12.267129898071289,50,50,2000,4.conv2,0,lenet,exemplar,nn,0.9701,0.7308,0.1,0.1,1,False
41,1.0702365423264402,4.4140851866660045,0.09804994988878928,7.0,1.4541576400732148,17,12.267129898071289,50,50,2000,4.conv2,0,lenet,exemplar,nn,0.9701,0.7308,0.1,0.1,1,False
42,2.3930584932575423,4.30003112995078,0.08400085972199235,4.0,1.4541576400732148,17,12.267129898071289,50,50,2000,4.conv2,0,lenet,exemplar,nn,0.9701,0.7308,0.1,0.1,1,False
43,2.1706250851735596,4.173182789035539,0.10082706032851628,2.0,1.4541576400732148,17,12.267129898071289,50,50,2000,4.conv2,0,lenet,exemplar,nn,0.9701,0.7308,0.1,0.1,1,False
44,1.6432429217949054,3.855819333139717,0.11502346741945496,3.0,1.4541576400732148,17,12.267129898071289,50,50,2000,4.conv2,0,lenet,exemplar,nn,0.9701,0.7308,0.1,0.1,1,False
45,1.3479577329154215,4.1409622979043785,0.11858752988065466,5.0,1.4541576400732148,17,12.267129898071289,50,50,2000,4.conv2,0,lenet,exemplar,nn,0.9701,0.7308,0.1,0.1,1,False
46,1.1989369712873221,4.136021121072695,0.1202760808824151,1.0,1.4541576400732148,17,12.267129898071289,50,50,2000,4.conv2,0,lenet,exemplar,nn,0.9701,0.7308,0.1,0.1,1,False
47,1.2761453888875942,4.217396922908185,0.12151795895759876,2.0,1.4541576400732148,17,12.267129898071289,50,50,2000,4.conv2,0,lenet,exemplar,nn,0.9701,0.7308,0.1,0.1,1,False
48,1.4640329712824913,3.958646665654318,0.04436286333372567,4.0,1.4541576400732148,17,12.267129898071289,50,50,2000,4.conv2,0,lenet,exemplar,nn,0.9701,0.7308,0.1,0.1,1,False
49,1.1000621916511386,2.5268591612458158,0.15715299475666442,4.0,1.4541576400732148,17,12.267129898071289,50,50,2000,4.conv2,0,lenet,exemplar,nn,0.9701,0.7308,0.1,0.1,1,False
0,1.7857330729569592,3.703574109684459,0.12039314444409348,7.0,1.5181607460681243,17,12.267129898071289,50,50,2000,5.norm,0,lenet,exemplar,nn,0.9701,0.7308,0.1,0.1,1,False
1,2.3556992468742632,3.5896135903179727,0.06524177942340798,2.0,1.5181607460681243,17,12.267129898071289,50,50,2000,5.norm,0,lenet,exemplar,nn,0.9701,0.7308,0.1,0.1,1,False
2,1.359107111356659,4.203034783136988,0.18943301002690188,1.0,1.5181607460681243,17,12.267129898071289,50,50,2000,5.norm,0,lenet,exemplar,nn,0.9701,0.7308,0.1,0.1,1,False
3,1.7177165908305574,4.230259840753702,0.054621556445804985,0.0,1.5181607460681243,17,12.267129898071289,50,50,2000,5.norm,0,lenet,exemplar,nn,0.9701,0.7308,0.1,0.1,1,False
4,1.713811687466166,3.804064122785096,0.10371743548326934,4.0,1.5181607460681243,17,12.267129898071289,50,50,2000,5.norm,0,lenet,exemplar,nn,0.9701,0.7308,0.1,0.1,1,False
5,1.738133025863281,4.67430136466638,0.1548639823150932,1.0,1.5181607460681243,17,12.267129898071289,50,50,2000,5.norm,0,lenet,exemplar,nn,0.9701,0.7308,0.1,0.1,1,False
6,1.216821533419601,4.386622110925287,0.07943511568664662,4.0,1.5181607460681243,17,12.267129898071289,50,50,2000,5.norm,0,lenet,exemplar,nn,0.9701,0.7308,0.1,0.1,1,False
7,1.0604395329704956,4.592231011608957,0.08692363227396531,9.0,1.5181607460681243,17,12.267129898071289,50,50,2000,5.norm,0,lenet,exemplar,nn,0.9701,0.7308,0.1,0.1,1,False
8,1.2059991287552805,4.421853397723307,0.03887185673189317,5.0,1.5181607460681243,17,12.267129898071289,50,50,2000,5.norm,0,lenet,exemplar,nn,0.9701,0.7308,0.1,0.1,1,False
9,1.9844469174505694,3.8967553219672784,0.09226562759417248,9.0,1.5181607460681243,17,12.267129898071289,50,50,2000,5.norm,0,lenet,exemplar,nn,0.9701,0.7308,0.1,0.1,1,False
10,1.6250690680992472,4.264974480408281,0.06477926185792822,0.0,1.5181607460681243,17,12.267129898071289,50,50,2000,5.norm,0,lenet,exemplar,nn,0.9701,0.7308,0.1,0.1,1,False
11,1.2743208222258684,4.214599427556219,0.07460374932658498,6.0,1.5181607460681243,17,12.267129898071289,50,50,2000,5.norm,0,lenet,exemplar,nn,0.9701,0.7308,0.1,0.1,1,False
12,1.1271127187564183,4.184868712991268,0.10591299645232714,9.0,1.5181607460681243,17,12.267129898071289,50,50,2000,5.norm,0,lenet,exemplar,nn,0.9701,0.7308,0.1,0.1,1,False
13,2.5901547906064804,4.427700432907502,0.062152595125729904,0.0,1.5181607460681243,17,12.267129898071289,50,50,2000,5.norm,0,lenet,exemplar,nn,0.9701,0.7308,0.1,0.1,1,False
14,1.0943288923962238,4.22846665895065,0.13581849000041388,1.0,1.5181607460681243,17,12.267129898071289,50,50,2000,5.norm,0,lenet,exemplar,nn,0.9701,0.7308,0.1,0.1,1,False
15,1.8213904117277597,4.583559320849251,0.05233160188081751,5.0,1.5181607460681243,17,12.267129898071289,50,50,2000,5.norm,0,lenet,exemplar,nn,0.9701,0.7308,0.1,0.1,1,False
16,1.3720813610225695,3.9218269969850756,0.10012798876902958,9.0,1.5181607460681243,17,12.267129898071289,50,50,2000,5.norm,0,lenet,exemplar,nn,0.9701,0.7308,0.1,0.1,1,False
17,1.3229820760875588,3.856432415445753,0.08513031344306267,7.0,1.5181607460681243,17,12.267129898071289,50,50,2000,5.norm,0,lenet,exemplar,nn,0.9701,0.7308,0.1,0.1,1,False
18,1.9568173292884994,3.913190294648524,0.06032059862828083,3.0,1.5181607460681243,17,12.267129898071289,50,50,2000,5.norm,0,lenet,exemplar,nn,0.9701,0.7308,0.1,0.1,1,False
19,1.5080413145786964,4.325309718600279,0.07032359198314285,4.0,1.5181607460681243,17,12.267129898071289,50,50,2000,5.norm,0,lenet,exemplar,nn,0.9701,0.7308,0.1,0.1,1,False
20,1.7730208889112427,4.117251586126476,0.09124888126262055,9.0,1.5181607460681243,17,12.267129898071289,50,50,2000,5.norm,0,lenet,exemplar,nn,0.9701,0.7308,0.1,0.1,1,False
21,1.347996555969094,3.7295389636528875,0.09108146240699165,6.0,1.5181607460681243,17,12.267129898071289,50,50,2000,5.norm,0,lenet,exemplar,nn,0.9701,0.7308,0.1,0.1,1,False
22,2.3534322882750933,3.4498035437289674,0.08431028293814537,6.0,1.5181607460681243,17,12.267129898071289,50,50,2000,5.norm,0,lenet,exemplar,nn,0.9701,0.7308,0.1,0.1,1,False
23,1.2146886364609153,4.115454092968605,0.09378293871089796,5.0,1.5181607460681243,17,12.267129898071289,50,50,2000,5.norm,0,lenet,exemplar,nn,0.9701,0.7308,0.1,0.1,1,False
24,1.316641760040039,4.4973651064878135,0.14776651039689562,4.0,1.5181607460681243,17,12.267129898071289,50,50,2000,5.norm,0,lenet,exemplar,nn,0.9701,0.7308,0.1,0.1,1,False
25,1.5943373359962922,4.069600859623264,0.03863674930896392,0.0,1.5181607460681243,17,12.267129898071289,50,50,2000,5.norm,0,lenet,exemplar,nn,0.9701,0.7308,0.1,0.1,1,False
26,1.1545877050728055,3.6184207769058285,0.10809345081592796,7.0,1.5181607460681243,17,12.267129898071289,50,50,2000,5.norm,0,lenet,exemplar,nn,0.9701,0.7308,0.1,0.1,1,False
27,1.95585989971696,4.016916864561377,0.06727220329030062,4.0,1.5181607460681243,17,12.267129898071289,50,50,2000,5.norm,0,lenet,exemplar,nn,0.9701,0.7308,0.1,0.1,1,False
28,1.8905530217626427,3.9175061765872647,0.06709027316877696,0.0,1.5181607460681243,17,12.267129898071289,50,50,2000,5.norm,0,lenet,exemplar,nn,0.9701,0.7308,0.1,0.1,1,False
29,1.0496424102599624,4.649195481121531,0.16434582060333947,1.0,1.5181607460681243,17,12.267129898071289,50,50,2000,5.norm,0,lenet,exemplar,nn,0.9701,0.7308,0.1,0.1,1,False
30,2.5418672040160546,3.7660737338630206,0.07441830534601239,3.0,1.5181607460681243,17,12.267129898071289,50,50,2000,5.norm,0,lenet,exemplar,nn,0.9701,0.7308,0.1,0.1,1,False
31,1.4257250263096541,4.851493654259218,0.19212923642365157,1.0,1.5181607460681243,17,12.267129898071289,50,50,2000,5.norm,0,lenet,exemplar,nn,0.9701,0.7308,0.1,0.1,1,False
32,1.776160588309228,4.182311008197877,0.07257119962445947,3.0,1.5181607460681243,17,12.267129898071289,50,50,2000,5.norm,0,lenet,exemplar,nn,0.9701,0.7308,0.1,0.1,1,False
33,1.2847614607874969,3.640139984449891,0.06386627810748645,4.0,1.5181607460681243,17,12.267129898071289,50,50,2000,5.norm,0,lenet,exemplar,nn,0.9701,0.7308,0.1,0.1,1,False
34,1.328304783580181,4.087032970640345,0.07567914576342574,7.0,1.5181607460681243,17,12.267129898071289,50,50,2000,5.norm,0,lenet,exemplar,nn,0.9701,0.7308,0.1,0.1,1,False
35,1.8776134495478942,4.375961459877543,0.04597649848755026,2.0,1.5181607460681243,17,12.267129898071289,50,50,2000,5.norm,0,lenet,exemplar,nn,0.9701,0.7308,0.1,0.1,1,False
36,1.7567093820615998,3.6653856947506642,0.10394250550342894,7.0,1.5181607460681243,17,12.267129898071289,50,50,2000,5.norm,0,lenet,exemplar,nn,0.9701,0.7308,0.1,0.1,1,False
37,0.966640405187341,4.63118215254715,0.1735247009759811,1.0,1.5181607460681243,17,12.267129898071289,50,50,2000,5.norm,0,lenet,exemplar,nn,0.9701,0.7308,0.1,0.1,1,False
38,1.8254665227378766,4.654817686247672,0.08731972412261911,2.0,1.5181607460681243,17,12.267129898071289,50,50,2000,5.norm,0,lenet,exemplar,nn,0.9701,0.7308,0.1,0.1,1,False
39,1.601157499895685,4.6907104998923455,0.14493102633246496,1.0,1.5181607460681243,17,12.267129898071289,50,50,2000,5.norm,0,lenet,exemplar,nn,0.9701,0.7308,0.1,0.1,1,False
40,1.1536714123869523,4.728432290226879,0.20338508486256646,1.0,1.5181607460681243,17,12.267129898071289,50,50,2000,5.norm,0,lenet,exemplar,nn,0.9701,0.7308,0.1,0.1,1,False
41,1.8701058196606888,4.5791711016434355,0.09816788074923537,7.0,1.5181607460681243,17,12.267129898071289,50,50,2000,5.norm,0,lenet,exemplar,nn,0.9701,0.7308,0.1,0.1,1,False
42,2.056649041877823,4.189597868786381,0.0849030832871551,4.0,1.5181607460681243,17,12.267129898071289,50,50,2000,5.norm,0,lenet,exemplar,nn,0.9701,0.7308,0.1,0.1,1,False
43,1.2746126351449256,4.327428332125263,0.0992046121472914,2.0,1.5181607460681243,17,12.267129898071289,50,50,2000,5.norm,0,lenet,exemplar,nn,0.9701,0.7308,0.1,0.1,1,False
44,1.5157809254076833,4.389475147858423,0.11296912044600052,3.0,1.5181607460681243,17,12.267129898071289,50,50,2000,5.norm,0,lenet,exemplar,nn,0.9701,0.7308,0.1,0.1,1,False
45,1.3782197502339277,4.0038185764439875,0.11411577556709297,5.0,1.5181607460681243,17,12.267129898071289,50,50,2000,5.norm,0,lenet,exemplar,nn,0.9701,0.7308,0.1,0.1,1,False
46,1.5012812580501542,4.460446375866374,0.12102717225468801,1.0,1.5181607460681243,17,12.267129898071289,50,50,2000,5.norm,0,lenet,exemplar,nn,0.9701,0.7308,0.1,0.1,1,False
47,1.7188101409404755,4.119539582147662,0.12478933365982273,2.0,1.5181607460681243,17,12.267129898071289,50,50,2000,5.norm,0,lenet,exemplar,nn,0.9701,0.7308,0.1,0.1,1,False
48,2.3544659070167975,3.581009104099314,0.044636044851949136,4.0,1.5181607460681243,17,12.267129898071289,50,50,2000,5.norm,0,lenet,exemplar,nn,0.9701,0.7308,0.1,0.1,1,False
49,1.809609778649754,2.539368255392596,0.16052719301346155,4.0,1.5181607460681243,17,12.267129898071289,50,50,2000,5.norm,0,lenet,exemplar,nn,0.9701,0.7308,0.1,0.1,1,False
0,1.4037485784749115,3.7993277799778604,0.14446387510460393,7.0,1.448741451952882,26,19.640974044799805,50,50,2000,6.relu,0,lenet,exemplar,nn,0.9701,0.7308,0.1,0.1,1,False
1,2.1728212231318573,3.6049694035054203,0.07869371613586597,2.0,1.448741451952882,26,19.640974044799805,50,50,2000,6.relu,0,lenet,exemplar,nn,0.9701,0.7308,0.1,0.1,1,False
2,1.4473579852208136,5.04306690854481,0.17754058012612853,1.0,1.448741451952882,26,19.640974044799805,50,50,2000,6.relu,0,lenet,exemplar,nn,0.9701,0.7308,0.1,0.1,1,False
3,1.941473880102545,4.544425360347162,0.0677316822091108,0.0,1.448741451952882,26,19.640974044799805,50,50,2000,6.relu,0,lenet,exemplar,nn,0.9701,0.7308,0.1,0.1,1,False
4,1.2913310590488045,4.0429404107477795,0.10656379118057836,4.0,1.448741451952882,26,19.640974044799805,50,50,2000,6.relu,0,lenet,exemplar,nn,0.9701,0.7308,0.1,0.1,1,False
5,1.1555407908761732,4.808832254657613,0.12520106898603864,1.0,1.448741451952882,26,19.640974044799805,50,50,2000,6.relu,0,lenet,exemplar,nn,0.9701,0.7308,0.1,0.1,1,False
6,1.260613337290541,4.445878175096861,0.09234049088103718,4.0,1.448741451952882,26,19.640974044799805,50,50,2000,6.relu,0,lenet,exemplar,nn,0.9701,0.7308,0.1,0.1,1,False
7,1.714688262959829,4.103752159925842,0.10369175735441562,9.0,1.448741451952882,26,19.640974044799805,50,50,2000,6.relu,0,lenet,exemplar,nn,0.9701,0.7308,0.1,0.1,1,False
8,2.1139420770669535,4.550745076129821,0.05358489631269998,5.0,1.448741451952882,26,19.640974044799805,50,50,2000,6.relu,0,lenet,exemplar,nn,0.9701,0.7308,0.1,0.1,1,False
9,1.507547765768182,4.09291308514848,0.12063442573140427,9.0,1.448741451952882,26,19.640974044799805,50,50,2000,6.relu,0,lenet,exemplar,nn,0.9701,0.7308,0.1,0.1,1,False
10,1.8307681375497136,4.059084519929693,0.07693325392859626,0.0,1.448741451952882,26,19.640974044799805,50,50,2000,6.relu,0,lenet,exemplar,nn,0.9701,0.7308,0.1,0.1,1,False
11,1.696992924771707,4.238508348617998,0.0881407145642299,6.0,1.448741451952882,26,19.640974044799805,50,50,2000,6.relu,0,lenet,exemplar,nn,0.9701,0.7308,0.1,0.1,1,False
12,1.2776770402117543,4.4785949323473915,0.150372867934472,9.0,1.448741451952882,26,19.640974044799805,50,50,2000,6.relu,0,lenet,exemplar,nn,0.9701,0.7308,0.1,0.1,1,False
13,2.2858813098310256,4.729963887734316,0.06819055574821889,0.0,1.448741451952882,26,19.640974044799805,50,50,2000,6.relu,0,lenet,exemplar,nn,0.9701,0.7308,0.1,0.1,1,False
14,1.3227185467112443,4.810918644472325,0.1051648279419831,1.0,1.448741451952882,26,19.640974044799805,50,50,2000,6.relu,0,lenet,exemplar,nn,0.9701,0.7308,0.1,0.1,1,False
15,1.4756684423341808,4.312836333349242,0.07561558212433364,5.0,1.448741451952882,26,19.640974044799805,50,50,2000,6.relu,0,lenet,exemplar,nn,0.9701,0.7308,0.1,0.1,1,False
16,1.3679865354149177,3.681893817144827,0.11989053125221347,9.0,1.448741451952882,26,19.640974044799805,50,50,2000,6.relu,0,lenet,exemplar,nn,0.9701,0.7308,0.1,0.1,1,False
17,1.6638200431119985,3.5985047883676042,0.10477560536871819,7.0,1.448741451952882,26,19.640974044799805,50,50,2000,6.relu,0,lenet,exemplar,nn,0.9701,0.7308,0.1,0.1,1,False
18,1.8467340348391548,3.9648453403752546,0.07007838615647227,3.0,1.448741451952882,26,19.640974044799805,50,50,2000,6.relu,0,lenet,exemplar,nn,0.9701,0.7308,0.1,0.1,1,False
19,1.1810829201199409,4.190453043239926,0.10811422888059843,4.0,1.448741451952882,26,19.640974044799805,50,50,2000,6.relu,0,lenet,exemplar,nn,0.9701,0.7308,0.1,0.1,1,False
20,0.996367306822797,4.181812839857874,0.12204790433245402,9.0,1.448741451952882,26,19.640974044799805,50,50,2000,6.relu,0,lenet,exemplar,nn,0.9701,0.7308,0.1,0.1,1,False
21,1.2602943097798172,3.842057608773618,0.12789367083005312,6.0,1.448741451952882,26,19.640974044799805,50,50,2000,6.relu,0,lenet,exemplar,nn,0.9701,0.7308,0.1,0.1,1,False
22,2.175084156347333,3.3779461943243145,0.10049660389633273,6.0,1.448741451952882,26,19.640974044799805,50,50,2000,6.relu,0,lenet,exemplar,nn,0.9701,0.7308,0.1,0.1,1,False
23,1.518984212928765,4.063304148470129,0.1219216569471167,5.0,1.448741451952882,26,19.640974044799805,50,50,2000,6.relu,0,lenet,exemplar,nn,0.9701,0.7308,0.1,0.1,1,False
24,1.2144821264471435,4.03676149243608,0.21091608841271967,4.0,1.448741451952882,26,19.640974044799805,50,50,2000,6.relu,0,lenet,exemplar,nn,0.9701,0.7308,0.1,0.1,1,False
25,2.039039550268171,4.445464641225884,0.06174505595892722,0.0,1.448741451952882,26,19.640974044799805,50,50,2000,6.relu,0,lenet,exemplar,nn,0.9701,0.7308,0.1,0.1,1,False
26,1.0650209812618954,3.996414264579811,0.11364463277356873,7.0,1.448741451952882,26,19.640974044799805,50,50,2000,6.relu,0,lenet,exemplar,nn,0.9701,0.7308,0.1,0.1,1,False
27,1.3518431566354203,4.369678677963358,0.07712255080598587,4.0,1.448741451952882,26,19.640974044799805,50,50,2000,6.relu,0,lenet,exemplar,nn,0.9701,0.7308,0.1,0.1,1,False
28,1.3727834052856969,3.802480257728886,0.06935001075279787,0.0,1.448741451952882,26,19.640974044799805,50,50,2000,6.relu,0,lenet,exemplar,nn,0.9701,0.7308,0.1,0.1,1,False
29,1.3954132979144995,4.711711802681498,0.15242163786977045,1.0,1.448741451952882,26,19.640974044799805,50,50,2000,6.relu,0,lenet,exemplar,nn,0.9701,0.7308,0.1,0.1,1,False
30,1.5619469823420562,3.8592032103071023,0.08420909140037872,3.0,1.448741451952882,26,19.640974044799805,50,50,2000,6.relu,0,lenet,exemplar,nn,0.9701,0.7308,0.1,0.1,1,False
31,1.3802381263987173,4.558095520829494,0.15575686243138345,1.0,1.448741451952882,26,19.640974044799805,50,50,2000,6.relu,0,lenet,exemplar,nn,0.9701,0.7308,0.1,0.1,1,False
32,1.4813120918720937,3.5252241265330935,0.08933139386300701,3.0,1.448741451952882,26,19.640974044799805,50,50,2000,6.relu,0,lenet,exemplar,nn,0.9701,0.7308,0.1,0.1,1,False
33,1.6654548110598668,3.7974919823789497,0.07667232962220716,4.0,1.448741451952882,26,19.640974044799805,50,50,2000,6.relu,0,lenet,exemplar,nn,0.9701,0.7308,0.1,0.1,1,False
34,1.4780381373573717,4.1193626844667355,0.10715153839917796,7.0,1.448741451952882,26,19.640974044799805,50,50,2000,6.relu,0,lenet,exemplar,nn,0.9701,0.7308,0.1,0.1,1,False
35,1.4248973804679272,4.063759629933091,0.06439934377412748,2.0,1.448741451952882,26,19.640974044799805,50,50,2000,6.relu,0,lenet,exemplar,nn,0.9701,0.7308,0.1,0.1,1,False
36,1.2035412155170377,4.153901683370565,0.1219766142834258,7.0,1.448741451952882,26,19.640974044799805,50,50,2000,6.relu,0,lenet,exemplar,nn,0.9701,0.7308,0.1,0.1,1,False
37,1.3482470488415093,4.8652713053315315,0.1494354061939356,1.0,1.448741451952882,26,19.640974044799805,50,50,2000,6.relu,0,lenet,exemplar,nn,0.9701,0.7308,0.1,0.1,1,False
38,1.0822502692684326,4.029739390928391,0.12932770870550825,2.0,1.448741451952882,26,19.640974044799805,50,50,2000,6.relu,0,lenet,exemplar,nn,0.9701,0.7308,0.1,0.1,1,False
39,1.5132876583582358,4.759426140645804,0.13007122194389775,1.0,1.448741451952882,26,19.640974044799805,50,50,2000,6.relu,0,lenet,exemplar,nn,0.9701,0.7308,0.1,0.1,1,False
40,1.324068122171255,4.907723462698314,0.23014591131301815,1.0,1.448741451952882,26,19.640974044799805,50,50,2000,6.relu,0,lenet,exemplar,nn,0.9701,0.7308,0.1,0.1,1,False
41,1.4071756024394397,4.220418014214143,0.1079935862955023,7.0,1.448741451952882,26,19.640974044799805,50,50,2000,6.relu,0,lenet,exemplar,nn,0.9701,0.7308,0.1,0.1,1,False
42,1.8346300367242816,3.8098042269192103,0.09800886876071664,4.0,1.448741451952882,26,19.640974044799805,50,50,2000,6.relu,0,lenet,exemplar,nn,0.9701,0.7308,0.1,0.1,1,False
43,1.4066044941438725,4.401146136944292,0.10418150093615115,2.0,1.448741451952882,26,19.640974044799805,50,50,2000,6.relu,0,lenet,exemplar,nn,0.9701,0.7308,0.1,0.1,1,False
44,1.368484031265492,4.307012046666141,0.11783641190259724,3.0,1.448741451952882,26,19.640974044799805,50,50,2000,6.relu,0,lenet,exemplar,nn,0.9701,0.7308,0.1,0.1,1,False
45,1.444957663182938,4.2595810049796485,0.14278193734067376,5.0,1.448741451952882,26,19.640974044799805,50,50,2000,6.relu,0,lenet,exemplar,nn,0.9701,0.7308,0.1,0.1,1,False
46,1.4675865583776135,4.024507643818689,0.09805055679262113,1.0,1.448741451952882,26,19.640974044799805,50,50,2000,6.relu,0,lenet,exemplar,nn,0.9701,0.7308,0.1,0.1,1,False
47,1.4358875870286902,4.088697524089477,0.15267354289499124,2.0,1.448741451952882,26,19.640974044799805,50,50,2000,6.relu,0,lenet,exemplar,nn,0.9701,0.7308,0.1,0.1,1,False
48,1.4883512968599701,3.3434007786164908,0.07088908300383813,4.0,1.448741451952882,26,19.640974044799805,50,50,2000,6.relu,0,lenet,exemplar,nn,0.9701,0.7308,0.1,0.1,1,False
49,1.3355393196505767,2.4833461394455667,0.22687548148555367,4.0,1.448741451952882,26,19.640974044799805,50,50,2000,6.relu,0,lenet,exemplar,nn,0.9701,0.7308,0.1,0.1,1,False
0,1.270495799889271,2.997387100122465,0.057618888940246,7.0,1.6606878415532642,4,4.348958969116211,50,50,10,7.linear,0,lenet,exemplar,nn,0.9701,0.7308,0.1,0.1,1,False
1,1.592099340705929,2.660372454371713,0.051413996056392026,2.0,1.6606878415532642,4,4.348958969116211,50,50,10,7.linear,0,lenet,exemplar,nn,0.9701,0.7308,0.1,0.1,1,False
2,1.7777291126813841,2.795032186730106,0.1109736940094151,1.0,1.6606878415532642,4,4.348958969116211,50,50,10,7.linear,0,lenet,exemplar,nn,0.9701,0.7308,0.1,0.1,1,False
3,1.7361177895012703,2.9785142657148085,0.046571380000479876,0.0,1.6606878415532642,4,4.348958969116211,50,50,10,7.linear,0,lenet,exemplar,nn,0.9701,0.7308,0.1,0.1,1,False
4,1.566176661780112,3.079060605144748,0.05524116196628409,4.0,1.6606878415532642,4,4.348958969116211,50,50,10,7.linear,0,lenet,exemplar,nn,0.9701,0.7308,0.1,0.1,1,False
5,1.7713333523599089,2.933029873913287,0.06610612128862425,1.0,1.6606878415532642,4,4.348958969116211,50,50,10,7.linear,0,lenet,exemplar,nn,0.9701,0.7308,0.1,0.1,1,False
6,1.6185994552931038,3.011556401106079,0.0545520667622052,4.0,1.6606878415532642,4,4.348958969116211,50,50,10,7.linear,0,lenet,exemplar,nn,0.9701,0.7308,0.1,0.1,1,False
7,1.34519473787113,1.9937574214171643,0.19241122861260787,9.0,1.6606878415532642,4,4.348958969116211,50,50,10,7.linear,0,lenet,exemplar,nn,0.9701,0.7308,0.1,0.1,1,False
8,1.0832645062157789,3.073122453004033,0.02968595695082412,5.0,1.6606878415532642,4,4.348958969116211,50,50,10,7.linear,0,lenet,exemplar,nn,0.9701,0.7308,0.1,0.1,1,False
9,1.6315142556197277,3.1897916260877985,0.06436417621701086,9.0,1.6606878415532642,4,4.348958969116211,50,50,10,7.linear,0,lenet,exemplar,nn,0.9701,0.7308,0.1,0.1,1,False
10,1.4425595664802688,2.5407838046416553,0.05571323217411905,0.0,1.6606878415532642,4,4.348958969116211,50,50,10,7.linear,0,lenet,exemplar,nn,0.9701,0.7308,0.1,0.1,1,False
11,1.676249319793785,2.6290400505932805,0.049952246305043,6.0,1.6606878415532642,4,4.348958969116211,50,50,10,7.linear,0,lenet,exemplar,nn,0.9701,0.7308,0.1,0.1,1,False
12,2.1802161949233163,2.639108755354772,0.10346134855988214,9.0,1.6606878415532642,4,4.348958969116211,50,50,10,7.linear,0,lenet,exemplar,nn,0.9701,0.7308,0.1,0.1,1,False
13,2.0819993381821926,2.7021393122379105,0.03933635900952852,0.0,1.6606878415532642,4,4.348958969116211,50,50,10,7.linear,0,lenet,exemplar,nn,0.9701,0.7308,0.1,0.1,1,False
14,1.590247449906594,2.888470001112303,0.08226705891058825,1.0,1.6606878415532642,4,4.348958969116211,50,50,10,7.linear,0,lenet,exemplar,nn,0.9701,0.7308,0.1,0.1,1,False
15,1.462159124570191,2.598671869225755,0.06511083472271029,5.0,1.6606878415532642,4,4.348958969116211,50,50,10,7.linear,0,lenet,exemplar,nn,0.9701,0.7308,0.1,0.1,1,False
16,1.4081673116059172,2.308926519408158,0.08074853658948634,9.0,1.6606878415532642,4,4.348958969116211,50,50,10,7.linear,0,lenet,exemplar,nn,0.9701,0.7308,0.1,0.1,1,False
17,2.2559941274050495,2.5074168998142223,0.053602144020173874,7.0,1.6606878415532642,4,4.348958969116211,50,50,10,7.linear,0,lenet,exemplar,nn,0.9701,0.7308,0.1,0.1,1,False
18,1.8835901825746675,2.8593932194416647,0.05362429225402925,3.0,1.6606878415532642,4,4.348958969116211,50,50,10,7.linear,0,lenet,exemplar,nn,0.9701,0.7308,0.1,0.1,1,False
19,2.687875997824589,2.860461567434673,0.05548922525281702,4.0,1.6606878415532642,4,4.348958969116211,50,50,10,7.linear,0,lenet,exemplar,nn,0.9701,0.7308,0.1,0.1,1,False
20,1.6008087489072245,2.8506647865871253,0.05273332828658208,9.0,1.6606878415532642,4,4.348958969116211,50,50,10,7.linear,0,lenet,exemplar,nn,0.9701,0.7308,0.1,0.1,1,False
21,1.6463447757032008,2.817194977868656,0.05145907170348951,6.0,1.6606878415532642,4,4.348958969116211,50,50,10,7.linear,0,lenet,exemplar,nn,0.9701,0.7308,0.1,0.1,1,False
22,1.1530184326536914,2.623441849470036,0.0780128731798923,6.0,1.6606878415532642,4,4.348958969116211,50,50,10,7.linear,0,lenet,exemplar,nn,0.9701,0.7308,0.1,0.1,1,False
23,1.5372215657847714,2.355339185369221,0.12167082336044127,5.0,1.6606878415532642,4,4.348958969116211,50,50,10,7.linear,0,lenet,exemplar,nn,0.9701,0.7308,0.1,0.1,1,False
24,1.1874479310944646,2.6700207432766203,0.1761996348918195,4.0,1.6606878415532642,4,4.348958969116211,50,50,10,7.linear,0,lenet,exemplar,nn,0.9701,0.7308,0.1,0.1,1,False
25,1.9636209060973586,3.175944403912951,0.03209658958801151,0.0,1.6606878415532642,4,4.348958969116211,50,50,10,7.linear,0,lenet,exemplar,nn,0.9701,0.7308,0.1,0.1,1,False
26,3.0512508364098743,2.7256422125280415,0.07741660118842614,7.0,1.6606878415532642,4,4.348958969116211,50,50,10,7.linear,0,lenet,exemplar,nn,0.9701,0.7308,0.1,0.1,1,False
27,1.64800050676882,3.103101694978622,0.040802250019656865,4.0,1.6606878415532642,4,4.348958969116211,50,50,10,7.linear,0,lenet,exemplar,nn,0.9701,0.7308,0.1,0.1,1,False
28,1.7263308319249113,2.708651798451643,0.038775434493478284,0.0,1.6606878415532642,4,4.348958969116211,50,50,10,7.linear,0,lenet,exemplar,nn,0.9701,0.7308,0.1,0.1,1,False
29,2.037961905773056,3.0565093276274964,0.1252546338050356,1.0,1.6606878415532642,4,4.348958969116211,50,50,10,7.linear,0,lenet,exemplar,nn,0.9701,0.7308,0.1,0.1,1,False
30,1.8092236971079194,2.7666410402179125,0.06367668535424664,3.0,1.6606878415532642,4,4.348958969116211,50,50,10,7.linear,0,lenet,exemplar,nn,0.9701,0.7308,0.1,0.1,1,False
31,1.364776197851032,2.5436838957753354,0.1286696094713249,1.0,1.6606878415532642,4,4.348958969116211,50,50,10,7.linear,0,lenet,exemplar,nn,0.9701,0.7308,0.1,0.1,1,False
32,1.8615689643355295,1.9618403317909172,0.09308370658576504,3.0,1.6606878415532642,4,4.348958969116211,50,50,10,7.linear,0,lenet,exemplar,nn,0.9701,0.7308,0.1,0.1,1,False
33,2.1781730282205944,2.829073004052905,0.039405176852470775,4.0,1.6606878415532642,4,4.348958969116211,50,50,10,7.linear,0,lenet,exemplar,nn,0.9701,0.7308,0.1,0.1,1,False
34,1.6513553541077264,2.4275492400979166,0.06873503418019865,7.0,1.6606878415532642,4,4.348958969116211,50,50,10,7.linear,0,lenet,exemplar,nn,0.9701,0.7308,0.1,0.1,1,False
35,3.272015050352329,2.64421159435259,0.05495592932804824,2.0,1.6606878415532642,4,4.348958969116211,50,50,10,7.linear,0,lenet,exemplar,nn,0.9701,0.7308,0.1,0.1,1,False
36,1.6635357689642885,2.9316696641792377,0.0763572777644245,7.0,1.6606878415532642,4,4.348958969116211,50,50,10,7.linear,0,lenet,exemplar,nn,0.9701,0.7308,0.1,0.1,1,False
37,2.2271725374867106,2.5731450479915323,0.11078318707389308,1.0,1.6606878415532642,4,4.348958969116211,50,50,10,7.linear,0,lenet,exemplar,nn,0.9701,0.7308,0.1,0.1,1,False
38,2.5389735609877127,2.948709589301008,0.06969645607290942,2.0,1.6606878415532642,4,4.348958969116211,50,50,10,7.linear,0,lenet,exemplar,nn,0.9701,0.7308,0.1,0.1,1,False
39,1.5892981697917108,2.946021423541435,0.09035454878981103,1.0,1.6606878415532642,4,4.348958969116211,50,50,10,7.linear,0,lenet,exemplar,nn,0.9701,0.7308,0.1,0.1,1,False
40,1.701555976070478,2.7757905670154397,0.18282434497275457,1.0,1.6606878415532642,4,4.348958969116211,50,50,10,7.linear,0,lenet,exemplar,nn,0.9701,0.7308,0.1,0.1,1,False
41,1.4792551799222953,3.217817817129123,0.06449481529114753,7.0,1.6606878415532642,4,4.348958969116211,50,50,10,7.linear,0,lenet,exemplar,nn,0.9701,0.7308,0.1,0.1,1,False
42,1.4174175952295207,2.16231341493371,0.07161394157567302,4.0,1.6606878415532642,4,4.348958969116211,50,50,10,7.linear,0,lenet,exemplar,nn,0.9701,0.7308,0.1,0.1,1,False
43,1.4803034402132786,3.4052592313656693,0.08059499628125474,2.0,1.6606878415532642,4,4.348958969116211,50,50,10,7.linear,0,lenet,exemplar,nn,0.9701,0.7308,0.1,0.1,1,False
44,2.2044357992296986,2.9428293862220163,0.10087980207158584,3.0,1.6606878415532642,4,4.348958969116211,50,50,10,7.linear,0,lenet,exemplar,nn,0.9701,0.7308,0.1,0.1,1,False
45,1.5473522337147472,2.0645665056870226,0.1652837963579319,5.0,1.6606878415532642,4,4.348958969116211,50,50,10,7.linear,0,lenet,exemplar,nn,0.9701,0.7308,0.1,0.1,1,False
46,1.2368642339506104,2.4431198386560182,0.09705252375954611,1.0,1.6606878415532642,4,4.348958969116211,50,50,10,7.linear,0,lenet,exemplar,nn,0.9701,0.7308,0.1,0.1,1,False
47,1.6943074611769626,2.7539251983502533,0.13719524004593575,2.0,1.6606878415532642,4,4.348958969116211,50,50,10,7.linear,0,lenet,exemplar,nn,0.9701,0.7308,0.1,0.1,1,False
48,1.7370098177146491,2.789014440270825,0.028446796442367174,4.0,1.6606878415532642,4,4.348958969116211,50,50,10,7.linear,0,lenet,exemplar,nn,0.9701,0.7308,0.1,0.1,1,False
49,1.3069133103117132,1.6642071529016198,0.21032970132500362,4.0,1.6606878415532642,4,4.348958969116211,50,50,10,7.linear,0,lenet,exemplar,nn,0.9701,0.7308,0.1,0.1,1,False
