,cap,dim,rad,mean_cap,center_corr,K,EVD90,PR,P,M,N,layer,seed,model,manifold_type,norm_method,clean_accuracy,adv_accuracy,eps,eps_step,max_iter,random
0,1.9438742990543645,4.695378085997635,0.0037846346652300362,1.8754349444848615,0.14778899523676658,12,26,18.505538940429688,50,50,784,0.pixels,10,MNIST_ConvNet,exemplar,lrns,0.9678,0.96,0.004,0.004,1,False
1,2.4555120993582067,4.749380771095306,0.009637393343901854,1.8754349444848615,0.14778899523676658,12,26,18.505538940429688,50,50,784,0.pixels,10,MNIST_ConvNet,exemplar,lrns,0.9678,0.96,0.004,0.004,1,False
2,2.12946348337164,4.830049793574852,0.007730127032266697,1.8754349444848615,0.14778899523676658,12,26,18.505538940429688,50,50,784,0.pixels,10,MNIST_ConvNet,exemplar,lrns,0.9678,0.96,0.004,0.004,1,False
3,1.5609587874887425,4.95955160037728,0.004574344533410279,1.8754349444848615,0.14778899523676658,12,26,18.505538940429688,50,50,784,0.pixels,10,MNIST_ConvNet,exemplar,lrns,0.9678,0.96,0.004,0.004,1,False
4,2.6006427503275953,4.602556933440192,0.004405533631683087,1.8754349444848615,0.14778899523676658,12,26,18.505538940429688,50,50,784,0.pixels,10,MNIST_ConvNet,exemplar,lrns,0.9678,0.96,0.004,0.004,1,False
5,2.5007921036264493,5.092173660685939,0.004907790061468113,1.8754349444848615,0.14778899523676658,12,26,18.505538940429688,50,50,784,0.pixels,10,MNIST_ConvNet,exemplar,lrns,0.9678,0.96,0.004,0.004,1,False
6,1.492489802378119,5.20722725480212,0.003230725415312905,1.8754349444848615,0.14778899523676658,12,26,18.505538940429688,50,50,784,0.pixels,10,MNIST_ConvNet,exemplar,lrns,0.9678,0.96,0.004,0.004,1,False
7,2.1111737639144863,4.60753090433068,0.009615847842555193,1.8754349444848615,0.14778899523676658,12,26,18.505538940429688,50,50,784,0.pixels,10,MNIST_ConvNet,exemplar,lrns,0.9678,0.96,0.004,0.004,1,False
8,1.831860290490082,5.305126405608333,0.004420319927759676,1.8754349444848615,0.14778899523676658,12,26,18.505538940429688,50,50,784,0.pixels,10,MNIST_ConvNet,exemplar,lrns,0.9678,0.96,0.004,0.004,1,False
9,1.4163458099747308,5.014361777613841,0.00352948451542618,1.8754349444848615,0.14778899523676658,12,26,18.505538940429688,50,50,784,0.pixels,10,MNIST_ConvNet,exemplar,lrns,0.9678,0.96,0.004,0.004,1,False
10,2.1359424764897614,4.8936384953569245,0.003772926126945582,1.8754349444848615,0.14778899523676658,12,26,18.505538940429688,50,50,784,0.pixels,10,MNIST_ConvNet,exemplar,lrns,0.9678,0.96,0.004,0.004,1,False
11,1.9212166437778284,4.656207206454115,0.007631198742318804,1.8754349444848615,0.14778899523676658,12,26,18.505538940429688,50,50,784,0.pixels,10,MNIST_ConvNet,exemplar,lrns,0.9678,0.96,0.004,0.004,1,False
12,1.6484022027986458,4.881610483609635,0.00337567473290011,1.8754349444848615,0.14778899523676658,12,26,18.505538940429688,50,50,784,0.pixels,10,MNIST_ConvNet,exemplar,lrns,0.9678,0.96,0.004,0.004,1,False
13,2.009030001422481,4.827578948514114,0.005784271371487343,1.8754349444848615,0.14778899523676658,12,26,18.505538940429688,50,50,784,0.pixels,10,MNIST_ConvNet,exemplar,lrns,0.9678,0.96,0.004,0.004,1,False
14,1.9062380073775071,4.526104094587223,0.004658963600673448,1.8754349444848615,0.14778899523676658,12,26,18.505538940429688,50,50,784,0.pixels,10,MNIST_ConvNet,exemplar,lrns,0.9678,0.96,0.004,0.004,1,False
15,1.5392679027641438,4.990846885092191,0.004765773681976937,1.8754349444848615,0.14778899523676658,12,26,18.505538940429688,50,50,784,0.pixels,10,MNIST_ConvNet,exemplar,lrns,0.9678,0.96,0.004,0.004,1,False
16,1.7902441555508803,4.93410595530629,0.003303111688216899,1.8754349444848615,0.14778899523676658,12,26,18.505538940429688,50,50,784,0.pixels,10,MNIST_ConvNet,exemplar,lrns,0.9678,0.96,0.004,0.004,1,False
17,2.1915721255424505,5.10244094101872,0.004206264856920935,1.8754349444848615,0.14778899523676658,12,26,18.505538940429688,50,50,784,0.pixels,10,MNIST_ConvNet,exemplar,lrns,0.9678,0.96,0.004,0.004,1,False
18,2.106622310536186,4.558866915864885,0.004824599685767106,1.8754349444848615,0.14778899523676658,12,26,18.505538940429688,50,50,784,0.pixels,10,MNIST_ConvNet,exemplar,lrns,0.9678,0.96,0.004,0.004,1,False
19,1.8052297344428703,4.941395485858014,0.006585783189950516,1.8754349444848615,0.14778899523676658,12,26,18.505538940429688,50,50,784,0.pixels,10,MNIST_ConvNet,exemplar,lrns,0.9678,0.96,0.004,0.004,1,False
20,2.222693976792564,4.718412658944816,0.008719205798442126,1.8754349444848615,0.14778899523676658,12,26,18.505538940429688,50,50,784,0.pixels,10,MNIST_ConvNet,exemplar,lrns,0.9678,0.96,0.004,0.004,1,False
21,2.387393849485542,4.725337011070572,0.0035056095843021156,1.8754349444848615,0.14778899523676658,12,26,18.505538940429688,50,50,784,0.pixels,10,MNIST_ConvNet,exemplar,lrns,0.9678,0.96,0.004,0.004,1,False
22,2.0464533862759557,4.920696003497008,0.0042578891346095145,1.8754349444848615,0.14778899523676658,12,26,18.505538940429688,50,50,784,0.pixels,10,MNIST_ConvNet,exemplar,lrns,0.9678,0.96,0.004,0.004,1,False
23,2.0246670298918836,5.122303727550113,0.0033841591359740813,1.8754349444848615,0.14778899523676658,12,26,18.505538940429688,50,50,784,0.pixels,10,MNIST_ConvNet,exemplar,lrns,0.9678,0.96,0.004,0.004,1,False
24,2.3657562010261026,5.2295520889010865,0.005443588795160915,1.8754349444848615,0.14778899523676658,12,26,18.505538940429688,50,50,784,0.pixels,10,MNIST_ConvNet,exemplar,lrns,0.9678,0.96,0.004,0.004,1,False
25,2.327066593254204,5.075690167746416,0.005215092033179053,1.8754349444848615,0.14778899523676658,12,26,18.505538940429688,50,50,784,0.pixels,10,MNIST_ConvNet,exemplar,lrns,0.9678,0.96,0.004,0.004,1,False
26,1.3923411838753634,4.736523901044513,0.006617657567424182,1.8754349444848615,0.14778899523676658,12,26,18.505538940429688,50,50,784,0.pixels,10,MNIST_ConvNet,exemplar,lrns,0.9678,0.96,0.004,0.004,1,False
27,1.894458315989801,4.944796286341443,0.002854643327989266,1.8754349444848615,0.14778899523676658,12,26,18.505538940429688,50,50,784,0.pixels,10,MNIST_ConvNet,exemplar,lrns,0.9678,0.96,0.004,0.004,1,False
28,2.0588123235530156,4.842704960857519,0.004379460736107574,1.8754349444848615,0.14778899523676658,12,26,18.505538940429688,50,50,784,0.pixels,10,MNIST_ConvNet,exemplar,lrns,0.9678,0.96,0.004,0.004,1,False
29,1.4126864447752834,4.776257127235431,0.005058057503452435,1.8754349444848615,0.14778899523676658,12,26,18.505538940429688,50,50,784,0.pixels,10,MNIST_ConvNet,exemplar,lrns,0.9678,0.96,0.004,0.004,1,False
30,1.5689344075335525,4.768342809198183,0.015640727974701014,1.8754349444848615,0.14778899523676658,12,26,18.505538940429688,50,50,784,0.pixels,10,MNIST_ConvNet,exemplar,lrns,0.9678,0.96,0.004,0.004,1,False
31,2.140887840743821,5.0613262998072654,0.0037272379807273786,1.8754349444848615,0.14778899523676658,12,26,18.505538940429688,50,50,784,0.pixels,10,MNIST_ConvNet,exemplar,lrns,0.9678,0.96,0.004,0.004,1,False
32,1.9495581144340035,5.172443491089855,0.005396426694413764,1.8754349444848615,0.14778899523676658,12,26,18.505538940429688,50,50,784,0.pixels,10,MNIST_ConvNet,exemplar,lrns,0.9678,0.96,0.004,0.004,1,False
33,1.4685445031549689,4.926715915532323,0.008465875686224422,1.8754349444848615,0.14778899523676658,12,26,18.505538940429688,50,50,784,0.pixels,10,MNIST_ConvNet,exemplar,lrns,0.9678,0.96,0.004,0.004,1,False
34,1.3486989123943358,4.847103108628575,0.008766669644790837,1.8754349444848615,0.14778899523676658,12,26,18.505538940429688,50,50,784,0.pixels,10,MNIST_ConvNet,exemplar,lrns,0.9678,0.96,0.004,0.004,1,False
35,1.366899181900279,4.727025928538546,0.004152871944880019,1.8754349444848615,0.14778899523676658,12,26,18.505538940429688,50,50,784,0.pixels,10,MNIST_ConvNet,exemplar,lrns,0.9678,0.96,0.004,0.004,1,False
36,1.4969270166870792,4.778202590645297,0.003726445888779279,1.8754349444848615,0.14778899523676658,12,26,18.505538940429688,50,50,784,0.pixels,10,MNIST_ConvNet,exemplar,lrns,0.9678,0.96,0.004,0.004,1,False
37,1.7028631580642215,4.888120915365069,0.0037710003392414974,1.8754349444848615,0.14778899523676658,12,26,18.505538940429688,50,50,784,0.pixels,10,MNIST_ConvNet,exemplar,lrns,0.9678,0.96,0.004,0.004,1,False
38,1.3723939152440106,5.243927640014912,0.00500125483387189,1.8754349444848615,0.14778899523676658,12,26,18.505538940429688,50,50,784,0.pixels,10,MNIST_ConvNet,exemplar,lrns,0.9678,0.96,0.004,0.004,1,False
39,1.8483017593551425,5.000692150570857,0.004522282466743949,1.8754349444848615,0.14778899523676658,12,26,18.505538940429688,50,50,784,0.pixels,10,MNIST_ConvNet,exemplar,lrns,0.9678,0.96,0.004,0.004,1,False
40,2.3475312063654026,5.015795051912439,0.0035292927565092605,1.8754349444848615,0.14778899523676658,12,26,18.505538940429688,50,50,784,0.pixels,10,MNIST_ConvNet,exemplar,lrns,0.9678,0.96,0.004,0.004,1,False
41,3.2697071350675304,4.90848392164123,0.005084322608495371,1.8754349444848615,0.14778899523676658,12,26,18.505538940429688,50,50,784,0.pixels,10,MNIST_ConvNet,exemplar,lrns,0.9678,0.96,0.004,0.004,1,False
42,2.3198293627961797,4.940429502844475,0.0032785944265543796,1.8754349444848615,0.14778899523676658,12,26,18.505538940429688,50,50,784,0.pixels,10,MNIST_ConvNet,exemplar,lrns,0.9678,0.96,0.004,0.004,1,False
43,2.0345665962176924,4.677066378818005,0.00979447939020776,1.8754349444848615,0.14778899523676658,12,26,18.505538940429688,50,50,784,0.pixels,10,MNIST_ConvNet,exemplar,lrns,0.9678,0.96,0.004,0.004,1,False
44,1.3927485803823956,4.7302639561085424,0.011707977121064918,1.8754349444848615,0.14778899523676658,12,26,18.505538940429688,50,50,784,0.pixels,10,MNIST_ConvNet,exemplar,lrns,0.9678,0.96,0.004,0.004,1,False
45,2.250962636105207,4.9120007241312535,0.005208864109104834,1.8754349444848615,0.14778899523676658,12,26,18.505538940429688,50,50,784,0.pixels,10,MNIST_ConvNet,exemplar,lrns,0.9678,0.96,0.004,0.004,1,False
46,2.5105214902925397,5.269688963040514,0.007248452935305283,1.8754349444848615,0.14778899523676658,12,26,18.505538940429688,50,50,784,0.pixels,10,MNIST_ConvNet,exemplar,lrns,0.9678,0.96,0.004,0.004,1,False
47,2.419796778759959,5.191333133338703,0.0033923043124767156,1.8754349444848615,0.14778899523676658,12,26,18.505538940429688,50,50,784,0.pixels,10,MNIST_ConvNet,exemplar,lrns,0.9678,0.96,0.004,0.004,1,False
48,1.931022677205459,4.996895849988727,0.004942263310277912,1.8754349444848615,0.14778899523676658,12,26,18.505538940429688,50,50,784,0.pixels,10,MNIST_ConvNet,exemplar,lrns,0.9678,0.96,0.004,0.004,1,False
49,1.8121595948131402,4.81748416222244,0.004513692710191289,1.8754349444848615,0.14778899523676658,12,26,18.505538940429688,50,50,784,0.pixels,10,MNIST_ConvNet,exemplar,lrns,0.9678,0.96,0.004,0.004,1,False
0,1.4059027024390027,4.088593703811791,0.0038850663137109383,1.883670781265742,0.15518425368387798,14,23,17.225297108372434,50,50,2000,1.conv1,10,MNIST_ConvNet,exemplar,lrns,0.9678,0.96,0.004,0.004,1,False
1,1.6126041797868549,4.961696624913943,0.0060179921362583325,1.883670781265742,0.15518425368387798,14,23,17.225297108372434,50,50,2000,1.conv1,10,MNIST_ConvNet,exemplar,lrns,0.9678,0.96,0.004,0.004,1,False
2,1.6076655258149974,4.475323560224872,0.004895189510948086,1.883670781265742,0.15518425368387798,14,23,17.225297108372434,50,50,2000,1.conv1,10,MNIST_ConvNet,exemplar,lrns,0.9678,0.96,0.004,0.004,1,False
3,1.9808120164983771,4.702256464335659,0.0031264095371065902,1.883670781265742,0.15518425368387798,14,23,17.225297108372434,50,50,2000,1.conv1,10,MNIST_ConvNet,exemplar,lrns,0.9678,0.96,0.004,0.004,1,False
4,2.4761305046191726,4.592046695451463,0.003961591656195311,1.883670781265742,0.15518425368387798,14,23,17.225297108372434,50,50,2000,1.conv1,10,MNIST_ConvNet,exemplar,lrns,0.9678,0.96,0.004,0.004,1,False
5,1.470659132892701,4.68464048312977,0.002802298919763126,1.883670781265742,0.15518425368387798,14,23,17.225297108372434,50,50,2000,1.conv1,10,MNIST_ConvNet,exemplar,lrns,0.9678,0.96,0.004,0.004,1,False
6,2.0583545803433094,4.799280849434101,0.0019127967283487808,1.883670781265742,0.15518425368387798,14,23,17.225297108372434,50,50,2000,1.conv1,10,MNIST_ConvNet,exemplar,lrns,0.9678,0.96,0.004,0.004,1,False
7,2.4293561752954633,4.500487194243808,0.005887793834206794,1.883670781265742,0.15518425368387798,14,23,17.225297108372434,50,50,2000,1.conv1,10,MNIST_ConvNet,exemplar,lrns,0.9678,0.96,0.004,0.004,1,False
8,1.6272934951790012,4.7947723119196075,0.008986930263025095,1.883670781265742,0.15518425368387798,14,23,17.225297108372434,50,50,2000,1.conv1,10,MNIST_ConvNet,exemplar,lrns,0.9678,0.96,0.004,0.004,1,False
9,1.599903907405667,4.935210227648579,0.0021580777352898962,1.883670781265742,0.15518425368387798,14,23,17.225297108372434,50,50,2000,1.conv1,10,MNIST_ConvNet,exemplar,lrns,0.9678,0.96,0.004,0.004,1,False
10,1.7174602809671666,4.74239393466686,0.003389441339746397,1.883670781265742,0.15518425368387798,14,23,17.225297108372434,50,50,2000,1.conv1,10,MNIST_ConvNet,exemplar,lrns,0.9678,0.96,0.004,0.004,1,False
11,3.7841508934837624,3.943237540085951,0.0074178133011672245,1.883670781265742,0.15518425368387798,14,23,17.225297108372434,50,50,2000,1.conv1,10,MNIST_ConvNet,exemplar,lrns,0.9678,0.96,0.004,0.004,1,False
12,1.6427403021565001,4.967378243287063,0.0032655787411881745,1.883670781265742,0.15518425368387798,14,23,17.225297108372434,50,50,2000,1.conv1,10,MNIST_ConvNet,exemplar,lrns,0.9678,0.96,0.004,0.004,1,False
13,2.0995322755019235,4.331355296014991,0.0029528969497356105,1.883670781265742,0.15518425368387798,14,23,17.225297108372434,50,50,2000,1.conv1,10,MNIST_ConvNet,exemplar,lrns,0.9678,0.96,0.004,0.004,1,False
14,1.6761230165433574,4.753806380254564,0.003978311343617726,1.883670781265742,0.15518425368387798,14,23,17.225297108372434,50,50,2000,1.conv1,10,MNIST_ConvNet,exemplar,lrns,0.9678,0.96,0.004,0.004,1,False
15,1.416598914426815,4.580750863823408,0.002890812002578838,1.883670781265742,0.15518425368387798,14,23,17.225297108372434,50,50,2000,1.conv1,10,MNIST_ConvNet,exemplar,lrns,0.9678,0.96,0.004,0.004,1,False
16,2.380031179110299,4.94628447528619,0.001985612991916254,1.883670781265742,0.15518425368387798,14,23,17.225297108372434,50,50,2000,1.conv1,10,MNIST_ConvNet,exemplar,lrns,0.9678,0.96,0.004,0.004,1,False
17,1.4009130374984449,4.675758846696241,0.0021367551516304592,1.883670781265742,0.15518425368387798,14,23,17.225297108372434,50,50,2000,1.conv1,10,MNIST_ConvNet,exemplar,lrns,0.9678,0.96,0.004,0.004,1,False
18,1.577470670958995,4.228908504869111,0.00408825470407769,1.883670781265742,0.15518425368387798,14,23,17.225297108372434,50,50,2000,1.conv1,10,MNIST_ConvNet,exemplar,lrns,0.9678,0.96,0.004,0.004,1,False
19,2.047728733678701,4.437226890369294,0.0030997201900874725,1.883670781265742,0.15518425368387798,14,23,17.225297108372434,50,50,2000,1.conv1,10,MNIST_ConvNet,exemplar,lrns,0.9678,0.96,0.004,0.004,1,False
20,2.5612328066630026,4.663764893056521,0.002942231815581512,1.883670781265742,0.15518425368387798,14,23,17.225297108372434,50,50,2000,1.conv1,10,MNIST_ConvNet,exemplar,lrns,0.9678,0.96,0.004,0.004,1,False
21,1.3736779421546985,4.882396507679121,0.0027861939447238536,1.883670781265742,0.15518425368387798,14,23,17.225297108372434,50,50,2000,1.conv1,10,MNIST_ConvNet,exemplar,lrns,0.9678,0.96,0.004,0.004,1,False
22,1.6410688035048047,4.676423890287121,0.0031652013368543,1.883670781265742,0.15518425368387798,14,23,17.225297108372434,50,50,2000,1.conv1,10,MNIST_ConvNet,exemplar,lrns,0.9678,0.96,0.004,0.004,1,False
23,2.745943365298177,5.1697551568952065,0.0024235068809185354,1.883670781265742,0.15518425368387798,14,23,17.225297108372434,50,50,2000,1.conv1,10,MNIST_ConvNet,exemplar,lrns,0.9678,0.96,0.004,0.004,1,False
24,1.98044770008828,4.536663992696089,0.004775307482331364,1.883670781265742,0.15518425368387798,14,23,17.225297108372434,50,50,2000,1.conv1,10,MNIST_ConvNet,exemplar,lrns,0.9678,0.96,0.004,0.004,1,False
25,1.7352270686247577,4.994667097591281,0.0021486596768820463,1.883670781265742,0.15518425368387798,14,23,17.225297108372434,50,50,2000,1.conv1,10,MNIST_ConvNet,exemplar,lrns,0.9678,0.96,0.004,0.004,1,False
26,1.7591595347402569,4.8577564803577795,0.017769968555828627,1.883670781265742,0.15518425368387798,14,23,17.225297108372434,50,50,2000,1.conv1,10,MNIST_ConvNet,exemplar,lrns,0.9678,0.96,0.004,0.004,1,False
27,2.475920743607659,4.689962395537429,0.0022655950322757364,1.883670781265742,0.15518425368387798,14,23,17.225297108372434,50,50,2000,1.conv1,10,MNIST_ConvNet,exemplar,lrns,0.9678,0.96,0.004,0.004,1,False
28,1.4268353836383114,3.9808033941577117,0.004256742210313945,1.883670781265742,0.15518425368387798,14,23,17.225297108372434,50,50,2000,1.conv1,10,MNIST_ConvNet,exemplar,lrns,0.9678,0.96,0.004,0.004,1,False
29,1.999873912155214,4.50189252437972,0.0026706497781959896,1.883670781265742,0.15518425368387798,14,23,17.225297108372434,50,50,2000,1.conv1,10,MNIST_ConvNet,exemplar,lrns,0.9678,0.96,0.004,0.004,1,False
30,2.219963437593515,5.207035881820308,0.022188989061921148,1.883670781265742,0.15518425368387798,14,23,17.225297108372434,50,50,2000,1.conv1,10,MNIST_ConvNet,exemplar,lrns,0.9678,0.96,0.004,0.004,1,False
31,1.9022170772176994,4.933384552614195,0.002686760143192669,1.883670781265742,0.15518425368387798,14,23,17.225297108372434,50,50,2000,1.conv1,10,MNIST_ConvNet,exemplar,lrns,0.9678,0.96,0.004,0.004,1,False
32,1.6179952844999175,4.835934604036636,0.007564681658471404,1.883670781265742,0.15518425368387798,14,23,17.225297108372434,50,50,2000,1.conv1,10,MNIST_ConvNet,exemplar,lrns,0.9678,0.96,0.004,0.004,1,False
33,2.564112692743077,4.6819386885965795,0.00889049983388018,1.883670781265742,0.15518425368387798,14,23,17.225297108372434,50,50,2000,1.conv1,10,MNIST_ConvNet,exemplar,lrns,0.9678,0.96,0.004,0.004,1,False
34,2.2506577551483407,4.732941168577938,0.006627329273407957,1.883670781265742,0.15518425368387798,14,23,17.225297108372434,50,50,2000,1.conv1,10,MNIST_ConvNet,exemplar,lrns,0.9678,0.96,0.004,0.004,1,False
35,2.8285955691410245,4.827301976057151,0.004021399646655493,1.883670781265742,0.15518425368387798,14,23,17.225297108372434,50,50,2000,1.conv1,10,MNIST_ConvNet,exemplar,lrns,0.9678,0.96,0.004,0.004,1,False
36,2.7388861485351153,4.32564514112738,0.002540205951593431,1.883670781265742,0.15518425368387798,14,23,17.225297108372434,50,50,2000,1.conv1,10,MNIST_ConvNet,exemplar,lrns,0.9678,0.96,0.004,0.004,1,False
37,1.7912810143196534,4.39713654252246,0.002347304795586098,1.883670781265742,0.15518425368387798,14,23,17.225297108372434,50,50,2000,1.conv1,10,MNIST_ConvNet,exemplar,lrns,0.9678,0.96,0.004,0.004,1,False
38,2.211187230659525,4.712405255952958,0.003548701852279209,1.883670781265742,0.15518425368387798,14,23,17.225297108372434,50,50,2000,1.conv1,10,MNIST_ConvNet,exemplar,lrns,0.9678,0.96,0.004,0.004,1,False
39,2.0232332593160804,4.681880462553231,0.0031795045582807403,1.883670781265742,0.15518425368387798,14,23,17.225297108372434,50,50,2000,1.conv1,10,MNIST_ConvNet,exemplar,lrns,0.9678,0.96,0.004,0.004,1,False
40,2.329441649642417,5.420216847209933,0.0029513799882426106,1.883670781265742,0.15518425368387798,14,23,17.225297108372434,50,50,2000,1.conv1,10,MNIST_ConvNet,exemplar,lrns,0.9678,0.96,0.004,0.004,1,False
41,1.9369684601661805,4.968837551277089,0.002281681454600286,1.883670781265742,0.15518425368387798,14,23,17.225297108372434,50,50,2000,1.conv1,10,MNIST_ConvNet,exemplar,lrns,0.9678,0.96,0.004,0.004,1,False
42,1.8794463505028187,4.6027815871642925,0.0022441960199015023,1.883670781265742,0.15518425368387798,14,23,17.225297108372434,50,50,2000,1.conv1,10,MNIST_ConvNet,exemplar,lrns,0.9678,0.96,0.004,0.004,1,False
43,2.181926273609847,3.7654145471716696,0.011025771908676396,1.883670781265742,0.15518425368387798,14,23,17.225297108372434,50,50,2000,1.conv1,10,MNIST_ConvNet,exemplar,lrns,0.9678,0.96,0.004,0.004,1,False
44,2.2192815952776517,4.453698140535494,0.005407655051974096,1.883670781265742,0.15518425368387798,14,23,17.225297108372434,50,50,2000,1.conv1,10,MNIST_ConvNet,exemplar,lrns,0.9678,0.96,0.004,0.004,1,False
45,2.451583131923709,4.840671212125973,0.003395890786200054,1.883670781265742,0.15518425368387798,14,23,17.225297108372434,50,50,2000,1.conv1,10,MNIST_ConvNet,exemplar,lrns,0.9678,0.96,0.004,0.004,1,False
46,1.756030862031852,4.798311580387209,0.007003831085986406,1.883670781265742,0.15518425368387798,14,23,17.225297108372434,50,50,2000,1.conv1,10,MNIST_ConvNet,exemplar,lrns,0.9678,0.96,0.004,0.004,1,False
47,1.7861984778244329,4.6043559463195685,0.002372913605543436,1.883670781265742,0.15518425368387798,14,23,17.225297108372434,50,50,2000,1.conv1,10,MNIST_ConvNet,exemplar,lrns,0.9678,0.96,0.004,0.004,1,False
48,1.1819194184227335,4.983379519845775,0.003225221740175538,1.883670781265742,0.15518425368387798,14,23,17.225297108372434,50,50,2000,1.conv1,10,MNIST_ConvNet,exemplar,lrns,0.9678,0.96,0.004,0.004,1,False
49,1.6492953474189505,5.004864091665833,0.003409927044629745,1.883670781265742,0.15518425368387798,14,23,17.225297108372434,50,50,2000,1.conv1,10,MNIST_ConvNet,exemplar,lrns,0.9678,0.96,0.004,0.004,1,False
0,2.3962764074267735,4.367947723318993,0.0027245146882584155,1.9175232433285876,0.15595911142777424,11,25,16.905885696411133,50,50,2000,2.norm,10,MNIST_ConvNet,exemplar,lrns,0.9678,0.96,0.004,0.004,1,False
1,1.6068825027854687,4.078374014614313,0.006106487622556831,1.9175232433285876,0.15595911142777424,11,25,16.905885696411133,50,50,2000,2.norm,10,MNIST_ConvNet,exemplar,lrns,0.9678,0.96,0.004,0.004,1,False
2,1.2881600244485605,3.919915218392945,0.006957753087259814,1.9175232433285876,0.15595911142777424,11,25,16.905885696411133,50,50,2000,2.norm,10,MNIST_ConvNet,exemplar,lrns,0.9678,0.96,0.004,0.004,1,False
3,1.845271428530696,4.172720547518646,0.0035912999228803625,1.9175232433285876,0.15595911142777424,11,25,16.905885696411133,50,50,2000,2.norm,10,MNIST_ConvNet,exemplar,lrns,0.9678,0.96,0.004,0.004,1,False
4,1.8037256073202117,4.513041098673587,0.003036847885429133,1.9175232433285876,0.15595911142777424,11,25,16.905885696411133,50,50,2000,2.norm,10,MNIST_ConvNet,exemplar,lrns,0.9678,0.96,0.004,0.004,1,False
5,1.6671211625609421,4.441389780011592,0.002953255288577739,1.9175232433285876,0.15595911142777424,11,25,16.905885696411133,50,50,2000,2.norm,10,MNIST_ConvNet,exemplar,lrns,0.9678,0.96,0.004,0.004,1,False
6,1.5675166480064466,4.550471483031917,0.0026621984287931756,1.9175232433285876,0.15595911142777424,11,25,16.905885696411133,50,50,2000,2.norm,10,MNIST_ConvNet,exemplar,lrns,0.9678,0.96,0.004,0.004,1,False
7,1.4238253361230304,4.164667723857746,0.003406448373501844,1.9175232433285876,0.15595911142777424,11,25,16.905885696411133,50,50,2000,2.norm,10,MNIST_ConvNet,exemplar,lrns,0.9678,0.96,0.004,0.004,1,False
8,1.72454533162467,4.018227805869454,0.0043555625829686286,1.9175232433285876,0.15595911142777424,11,25,16.905885696411133,50,50,2000,2.norm,10,MNIST_ConvNet,exemplar,lrns,0.9678,0.96,0.004,0.004,1,False
9,1.969993447039323,4.532870081856099,0.0022044348239451048,1.9175232433285876,0.15595911142777424,11,25,16.905885696411133,50,50,2000,2.norm,10,MNIST_ConvNet,exemplar,lrns,0.9678,0.96,0.004,0.004,1,False
10,1.6650906094202296,3.9585017049208853,0.002755653229786628,1.9175232433285876,0.15595911142777424,11,25,16.905885696411133,50,50,2000,2.norm,10,MNIST_ConvNet,exemplar,lrns,0.9678,0.96,0.004,0.004,1,False
11,1.4410210367215581,3.2748593698002586,0.0061597812392369215,1.9175232433285876,0.15595911142777424,11,25,16.905885696411133,50,50,2000,2.norm,10,MNIST_ConvNet,exemplar,lrns,0.9678,0.96,0.004,0.004,1,False
12,2.3747834982616944,4.910605207970532,0.002245490047327492,1.9175232433285876,0.15595911142777424,11,25,16.905885696411133,50,50,2000,2.norm,10,MNIST_ConvNet,exemplar,lrns,0.9678,0.96,0.004,0.004,1,False
13,2.330410388455238,4.555563043815252,0.002894654424874876,1.9175232433285876,0.15595911142777424,11,25,16.905885696411133,50,50,2000,2.norm,10,MNIST_ConvNet,exemplar,lrns,0.9678,0.96,0.004,0.004,1,False
14,2.327145454360156,4.64004883520874,0.001804716486666575,1.9175232433285876,0.15595911142777424,11,25,16.905885696411133,50,50,2000,2.norm,10,MNIST_ConvNet,exemplar,lrns,0.9678,0.96,0.004,0.004,1,False
15,1.3547128689995678,3.9549894797699685,0.002756830277499317,1.9175232433285876,0.15595911142777424,11,25,16.905885696411133,50,50,2000,2.norm,10,MNIST_ConvNet,exemplar,lrns,0.9678,0.96,0.004,0.004,1,False
16,2.315539094107203,4.439964467028626,0.0015882988924130431,1.9175232433285876,0.15595911142777424,11,25,16.905885696411133,50,50,2000,2.norm,10,MNIST_ConvNet,exemplar,lrns,0.9678,0.96,0.004,0.004,1,False
17,2.3996641106750904,4.714987766519531,0.002115889355071557,1.9175232433285876,0.15595911142777424,11,25,16.905885696411133,50,50,2000,2.norm,10,MNIST_ConvNet,exemplar,lrns,0.9678,0.96,0.004,0.004,1,False
18,1.5482484691828429,4.084782374699433,0.004037645712179713,1.9175232433285876,0.15595911142777424,11,25,16.905885696411133,50,50,2000,2.norm,10,MNIST_ConvNet,exemplar,lrns,0.9678,0.96,0.004,0.004,1,False
19,2.819526128666809,3.750528330133419,0.0031307324760141975,1.9175232433285876,0.15595911142777424,11,25,16.905885696411133,50,50,2000,2.norm,10,MNIST_ConvNet,exemplar,lrns,0.9678,0.96,0.004,0.004,1,False
20,2.3852839594056308,4.722677332137925,0.0021828356799215016,1.9175232433285876,0.15595911142777424,11,25,16.905885696411133,50,50,2000,2.norm,10,MNIST_ConvNet,exemplar,lrns,0.9678,0.96,0.004,0.004,1,False
21,2.2712711267811554,4.215711494931005,0.0026591479148997707,1.9175232433285876,0.15595911142777424,11,25,16.905885696411133,50,50,2000,2.norm,10,MNIST_ConvNet,exemplar,lrns,0.9678,0.96,0.004,0.004,1,False
22,3.0518693877646372,4.567785282892935,0.0020122071019225405,1.9175232433285876,0.15595911142777424,11,25,16.905885696411133,50,50,2000,2.norm,10,MNIST_ConvNet,exemplar,lrns,0.9678,0.96,0.004,0.004,1,False
23,2.0603261571521116,4.192366318017888,0.002894804620289932,1.9175232433285876,0.15595911142777424,11,25,16.905885696411133,50,50,2000,2.norm,10,MNIST_ConvNet,exemplar,lrns,0.9678,0.96,0.004,0.004,1,False
24,2.336711000849863,4.4670341292222915,0.002465324005676089,1.9175232433285876,0.15595911142777424,11,25,16.905885696411133,50,50,2000,2.norm,10,MNIST_ConvNet,exemplar,lrns,0.9678,0.96,0.004,0.004,1,False
25,1.762667518326021,4.7291455732117615,0.001891554054433502,1.9175232433285876,0.15595911142777424,11,25,16.905885696411133,50,50,2000,2.norm,10,MNIST_ConvNet,exemplar,lrns,0.9678,0.96,0.004,0.004,1,False
26,1.8556196725349334,4.19037286599143,0.0037263490423067747,1.9175232433285876,0.15595911142777424,11,25,16.905885696411133,50,50,2000,2.norm,10,MNIST_ConvNet,exemplar,lrns,0.9678,0.96,0.004,0.004,1,False
27,2.1212994599150603,4.666333840380906,0.00167596190255427,1.9175232433285876,0.15595911142777424,11,25,16.905885696411133,50,50,2000,2.norm,10,MNIST_ConvNet,exemplar,lrns,0.9678,0.96,0.004,0.004,1,False
28,2.0554244724884296,4.001798670862511,0.0030487756314657908,1.9175232433285876,0.15595911142777424,11,25,16.905885696411133,50,50,2000,2.norm,10,MNIST_ConvNet,exemplar,lrns,0.9678,0.96,0.004,0.004,1,False
29,2.2025096049596393,4.661089359989053,0.0020815537251806537,1.9175232433285876,0.15595911142777424,11,25,16.905885696411133,50,50,2000,2.norm,10,MNIST_ConvNet,exemplar,lrns,0.9678,0.96,0.004,0.004,1,False
30,2.52758383485063,4.252933533887249,0.004911286657737358,1.9175232433285876,0.15595911142777424,11,25,16.905885696411133,50,50,2000,2.norm,10,MNIST_ConvNet,exemplar,lrns,0.9678,0.96,0.004,0.004,1,False
31,1.9640196129207812,4.341350934533854,0.0022211919913787894,1.9175232433285876,0.15595911142777424,11,25,16.905885696411133,50,50,2000,2.norm,10,MNIST_ConvNet,exemplar,lrns,0.9678,0.96,0.004,0.004,1,False
32,2.3092882217685027,4.168807164826503,0.002507432800017387,1.9175232433285876,0.15595911142777424,11,25,16.905885696411133,50,50,2000,2.norm,10,MNIST_ConvNet,exemplar,lrns,0.9678,0.96,0.004,0.004,1,False
33,2.0392279512167537,4.6138359282088555,0.001990265730129765,1.9175232433285876,0.15595911142777424,11,25,16.905885696411133,50,50,2000,2.norm,10,MNIST_ConvNet,exemplar,lrns,0.9678,0.96,0.004,0.004,1,False
34,1.7050004744598506,4.4061991394024735,0.0045194651912052524,1.9175232433285876,0.15595911142777424,11,25,16.905885696411133,50,50,2000,2.norm,10,MNIST_ConvNet,exemplar,lrns,0.9678,0.96,0.004,0.004,1,False
35,2.1285501491370806,4.4355165483815595,0.0031044782762349294,1.9175232433285876,0.15595911142777424,11,25,16.905885696411133,50,50,2000,2.norm,10,MNIST_ConvNet,exemplar,lrns,0.9678,0.96,0.004,0.004,1,False
36,1.9952286647631556,4.367241782797458,0.0020304625360820145,1.9175232433285876,0.15595911142777424,11,25,16.905885696411133,50,50,2000,2.norm,10,MNIST_ConvNet,exemplar,lrns,0.9678,0.96,0.004,0.004,1,False
37,1.7488342387928681,4.455406881003445,0.002411583723935328,1.9175232433285876,0.15595911142777424,11,25,16.905885696411133,50,50,2000,2.norm,10,MNIST_ConvNet,exemplar,lrns,0.9678,0.96,0.004,0.004,1,False
38,1.8984228150554814,4.643224315183227,0.0031655836355785165,1.9175232433285876,0.15595911142777424,11,25,16.905885696411133,50,50,2000,2.norm,10,MNIST_ConvNet,exemplar,lrns,0.9678,0.96,0.004,0.004,1,False
39,2.540339432419168,4.454508313556183,0.002301977237327061,1.9175232433285876,0.15595911142777424,11,25,16.905885696411133,50,50,2000,2.norm,10,MNIST_ConvNet,exemplar,lrns,0.9678,0.96,0.004,0.004,1,False
40,1.9050788818333235,4.606326020426675,0.0027805600242642157,1.9175232433285876,0.15595911142777424,11,25,16.905885696411133,50,50,2000,2.norm,10,MNIST_ConvNet,exemplar,lrns,0.9678,0.96,0.004,0.004,1,False
41,1.6472629408851236,4.089831689949148,0.00244374026090071,1.9175232433285876,0.15595911142777424,11,25,16.905885696411133,50,50,2000,2.norm,10,MNIST_ConvNet,exemplar,lrns,0.9678,0.96,0.004,0.004,1,False
42,1.7585514672263944,4.29355142387966,0.0020525339935357017,1.9175232433285876,0.15595911142777424,11,25,16.905885696411133,50,50,2000,2.norm,10,MNIST_ConvNet,exemplar,lrns,0.9678,0.96,0.004,0.004,1,False
43,1.8374187927106471,3.654023149794265,0.013170769768154041,1.9175232433285876,0.15595911142777424,11,25,16.905885696411133,50,50,2000,2.norm,10,MNIST_ConvNet,exemplar,lrns,0.9678,0.96,0.004,0.004,1,False
44,2.1326930850682,4.447047726554127,0.0024076260461240837,1.9175232433285876,0.15595911142777424,11,25,16.905885696411133,50,50,2000,2.norm,10,MNIST_ConvNet,exemplar,lrns,0.9678,0.96,0.004,0.004,1,False
45,2.000608313104591,4.496662979975223,0.0033840619662801057,1.9175232433285876,0.15595911142777424,11,25,16.905885696411133,50,50,2000,2.norm,10,MNIST_ConvNet,exemplar,lrns,0.9678,0.96,0.004,0.004,1,False
46,2.1002410708217205,4.093448009433563,0.00840519406061618,1.9175232433285876,0.15595911142777424,11,25,16.905885696411133,50,50,2000,2.norm,10,MNIST_ConvNet,exemplar,lrns,0.9678,0.96,0.004,0.004,1,False
47,1.6905134462301166,4.837696120598097,0.0023601029398602575,1.9175232433285876,0.15595911142777424,11,25,16.905885696411133,50,50,2000,2.norm,10,MNIST_ConvNet,exemplar,lrns,0.9678,0.96,0.004,0.004,1,False
48,1.8059344419869743,4.1659335587916155,0.0029962379137269905,1.9175232433285876,0.15595911142777424,11,25,16.905885696411133,50,50,2000,2.norm,10,MNIST_ConvNet,exemplar,lrns,0.9678,0.96,0.004,0.004,1,False
49,1.557478339922942,4.393233504642378,0.0030433620049862917,1.9175232433285876,0.15595911142777424,11,25,16.905885696411133,50,50,2000,2.norm,10,MNIST_ConvNet,exemplar,lrns,0.9678,0.96,0.004,0.004,1,False
0,1.6368751578322065,4.068442894394235,0.003221518419591537,2.046224024851308,0.13761531907684948,9,29,19.597688674926758,50,50,2000,3.relu,10,MNIST_ConvNet,exemplar,lrns,0.9678,0.96,0.004,0.004,1,False
1,2.895599385593736,3.9894319845423514,0.004802108665239063,2.046224024851308,0.13761531907684948,9,29,19.597688674926758,50,50,2000,3.relu,10,MNIST_ConvNet,exemplar,lrns,0.9678,0.96,0.004,0.004,1,False
2,1.5301536020554765,4.450155889181231,0.00427898522557223,2.046224024851308,0.13761531907684948,9,29,19.597688674926758,50,50,2000,3.relu,10,MNIST_ConvNet,exemplar,lrns,0.9678,0.96,0.004,0.004,1,False
3,2.1896593698376092,4.4306739718231185,0.003376566748150607,2.046224024851308,0.13761531907684948,9,29,19.597688674926758,50,50,2000,3.relu,10,MNIST_ConvNet,exemplar,lrns,0.9678,0.96,0.004,0.004,1,False
4,2.1471155010147864,4.556084951452099,0.002761034904466149,2.046224024851308,0.13761531907684948,9,29,19.597688674926758,50,50,2000,3.relu,10,MNIST_ConvNet,exemplar,lrns,0.9678,0.96,0.004,0.004,1,False
5,1.5611579765207115,4.397050673915668,0.002742030216010142,2.046224024851308,0.13761531907684948,9,29,19.597688674926758,50,50,2000,3.relu,10,MNIST_ConvNet,exemplar,lrns,0.9678,0.96,0.004,0.004,1,False
6,1.946400699124231,4.706490492851496,0.0015860390014673612,2.046224024851308,0.13761531907684948,9,29,19.597688674926758,50,50,2000,3.relu,10,MNIST_ConvNet,exemplar,lrns,0.9678,0.96,0.004,0.004,1,False
7,1.3813268309915907,4.2139970696863625,0.0030759597986667097,2.046224024851308,0.13761531907684948,9,29,19.597688674926758,50,50,2000,3.relu,10,MNIST_ConvNet,exemplar,lrns,0.9678,0.96,0.004,0.004,1,False
8,2.1729384978980426,4.0574851002561925,0.0036901763711594763,2.046224024851308,0.13761531907684948,9,29,19.597688674926758,50,50,2000,3.relu,10,MNIST_ConvNet,exemplar,lrns,0.9678,0.96,0.004,0.004,1,False
9,2.3002242369387016,4.804459828080318,0.0020564951451812323,2.046224024851308,0.13761531907684948,9,29,19.597688674926758,50,50,2000,3.relu,10,MNIST_ConvNet,exemplar,lrns,0.9678,0.96,0.004,0.004,1,False
10,2.5279800029810744,4.623688380428597,0.0021624584498601356,2.046224024851308,0.13761531907684948,9,29,19.597688674926758,50,50,2000,3.relu,10,MNIST_ConvNet,exemplar,lrns,0.9678,0.96,0.004,0.004,1,False
11,2.6328528669003206,3.2606237184396307,0.005451481226058092,2.046224024851308,0.13761531907684948,9,29,19.597688674926758,50,50,2000,3.relu,10,MNIST_ConvNet,exemplar,lrns,0.9678,0.96,0.004,0.004,1,False
12,1.4394250930413113,4.590486386194746,0.0023426970245735454,2.046224024851308,0.13761531907684948,9,29,19.597688674926758,50,50,2000,3.relu,10,MNIST_ConvNet,exemplar,lrns,0.9678,0.96,0.004,0.004,1,False
13,2.1645616324776347,4.907094452595814,0.0022181216826363667,2.046224024851308,0.13761531907684948,9,29,19.597688674926758,50,50,2000,3.relu,10,MNIST_ConvNet,exemplar,lrns,0.9678,0.96,0.004,0.004,1,False
14,1.7033961663114596,4.420430200185377,0.0018810659185257343,2.046224024851308,0.13761531907684948,9,29,19.597688674926758,50,50,2000,3.relu,10,MNIST_ConvNet,exemplar,lrns,0.9678,0.96,0.004,0.004,1,False
15,1.9916690876791932,4.050818337905742,0.0028202676286864913,2.046224024851308,0.13761531907684948,9,29,19.597688674926758,50,50,2000,3.relu,10,MNIST_ConvNet,exemplar,lrns,0.9678,0.96,0.004,0.004,1,False
16,1.8716305233754489,4.573593698455494,0.0018186808055563916,2.046224024851308,0.13761531907684948,9,29,19.597688674926758,50,50,2000,3.relu,10,MNIST_ConvNet,exemplar,lrns,0.9678,0.96,0.004,0.004,1,False
17,1.8212144980487472,4.6849523329010125,0.001914569924674455,2.046224024851308,0.13761531907684948,9,29,19.597688674926758,50,50,2000,3.relu,10,MNIST_ConvNet,exemplar,lrns,0.9678,0.96,0.004,0.004,1,False
18,1.9248643742120097,4.166158187886729,0.0031156886710545124,2.046224024851308,0.13761531907684948,9,29,19.597688674926758,50,50,2000,3.relu,10,MNIST_ConvNet,exemplar,lrns,0.9678,0.96,0.004,0.004,1,False
19,2.0439137370981966,3.9053570354829974,0.0031683403098408196,2.046224024851308,0.13761531907684948,9,29,19.597688674926758,50,50,2000,3.relu,10,MNIST_ConvNet,exemplar,lrns,0.9678,0.96,0.004,0.004,1,False
20,3.0576504746163318,4.179528308396885,0.002378119655205105,2.046224024851308,0.13761531907684948,9,29,19.597688674926758,50,50,2000,3.relu,10,MNIST_ConvNet,exemplar,lrns,0.9678,0.96,0.004,0.004,1,False
21,2.8616481147783515,4.808179922408536,0.001883057675136068,2.046224024851308,0.13761531907684948,9,29,19.597688674926758,50,50,2000,3.relu,10,MNIST_ConvNet,exemplar,lrns,0.9678,0.96,0.004,0.004,1,False
22,1.7697698274222367,4.5530409163151395,0.0022539858187206113,2.046224024851308,0.13761531907684948,9,29,19.597688674926758,50,50,2000,3.relu,10,MNIST_ConvNet,exemplar,lrns,0.9678,0.96,0.004,0.004,1,False
23,1.9130782835849394,4.357754395528276,0.0017047410164900878,2.046224024851308,0.13761531907684948,9,29,19.597688674926758,50,50,2000,3.relu,10,MNIST_ConvNet,exemplar,lrns,0.9678,0.96,0.004,0.004,1,False
24,1.1852132454868751,4.788686145724931,0.0025539385803962913,2.046224024851308,0.13761531907684948,9,29,19.597688674926758,50,50,2000,3.relu,10,MNIST_ConvNet,exemplar,lrns,0.9678,0.96,0.004,0.004,1,False
25,1.9226000348517907,4.333963624317551,0.002092387745777112,2.046224024851308,0.13761531907684948,9,29,19.597688674926758,50,50,2000,3.relu,10,MNIST_ConvNet,exemplar,lrns,0.9678,0.96,0.004,0.004,1,False
26,2.3450263089028587,4.459432772558798,0.0026253825272389664,2.046224024851308,0.13761531907684948,9,29,19.597688674926758,50,50,2000,3.relu,10,MNIST_ConvNet,exemplar,lrns,0.9678,0.96,0.004,0.004,1,False
27,1.8884682261382963,4.571756613044923,0.0017511313203714615,2.046224024851308,0.13761531907684948,9,29,19.597688674926758,50,50,2000,3.relu,10,MNIST_ConvNet,exemplar,lrns,0.9678,0.96,0.004,0.004,1,False
28,4.009856848305282,4.043123321721451,0.003738914680095442,2.046224024851308,0.13761531907684948,9,29,19.597688674926758,50,50,2000,3.relu,10,MNIST_ConvNet,exemplar,lrns,0.9678,0.96,0.004,0.004,1,False
29,3.09562934006978,4.245638979101815,0.002207853748364263,2.046224024851308,0.13761531907684948,9,29,19.597688674926758,50,50,2000,3.relu,10,MNIST_ConvNet,exemplar,lrns,0.9678,0.96,0.004,0.004,1,False
30,2.6190807409291668,4.272547497569808,0.0037348129244965723,2.046224024851308,0.13761531907684948,9,29,19.597688674926758,50,50,2000,3.relu,10,MNIST_ConvNet,exemplar,lrns,0.9678,0.96,0.004,0.004,1,False
31,2.270833714040965,4.70181866285798,0.0023792155784259253,2.046224024851308,0.13761531907684948,9,29,19.597688674926758,50,50,2000,3.relu,10,MNIST_ConvNet,exemplar,lrns,0.9678,0.96,0.004,0.004,1,False
32,2.27070930685863,4.800056259508054,0.0028455100045688443,2.046224024851308,0.13761531907684948,9,29,19.597688674926758,50,50,2000,3.relu,10,MNIST_ConvNet,exemplar,lrns,0.9678,0.96,0.004,0.004,1,False
33,3.009612683958502,4.491711848981202,0.0021641340951002617,2.046224024851308,0.13761531907684948,9,29,19.597688674926758,50,50,2000,3.relu,10,MNIST_ConvNet,exemplar,lrns,0.9678,0.96,0.004,0.004,1,False
34,2.9047733162010214,4.853325929183419,0.0032560565971929984,2.046224024851308,0.13761531907684948,9,29,19.597688674926758,50,50,2000,3.relu,10,MNIST_ConvNet,exemplar,lrns,0.9678,0.96,0.004,0.004,1,False
35,1.6663906816613778,4.708922642739842,0.002125513764302205,2.046224024851308,0.13761531907684948,9,29,19.597688674926758,50,50,2000,3.relu,10,MNIST_ConvNet,exemplar,lrns,0.9678,0.96,0.004,0.004,1,False
36,2.158178264289076,4.457897483952734,0.0022223622629756828,2.046224024851308,0.13761531907684948,9,29,19.597688674926758,50,50,2000,3.relu,10,MNIST_ConvNet,exemplar,lrns,0.9678,0.96,0.004,0.004,1,False
37,2.05908997281322,4.758752031605154,0.002184173182675278,2.046224024851308,0.13761531907684948,9,29,19.597688674926758,50,50,2000,3.relu,10,MNIST_ConvNet,exemplar,lrns,0.9678,0.96,0.004,0.004,1,False
38,2.402057388639353,4.284462328083004,0.002407717386783713,2.046224024851308,0.13761531907684948,9,29,19.597688674926758,50,50,2000,3.relu,10,MNIST_ConvNet,exemplar,lrns,0.9678,0.96,0.004,0.004,1,False
39,2.3971771450464994,4.949063911040595,0.002057885237079032,2.046224024851308,0.13761531907684948,9,29,19.597688674926758,50,50,2000,3.relu,10,MNIST_ConvNet,exemplar,lrns,0.9678,0.96,0.004,0.004,1,False
40,2.233769710212806,5.001377042530324,0.003564298717994222,2.046224024851308,0.13761531907684948,9,29,19.597688674926758,50,50,2000,3.relu,10,MNIST_ConvNet,exemplar,lrns,0.9678,0.96,0.004,0.004,1,False
41,2.16320339510323,4.097875538638253,0.0022630882046009724,2.046224024851308,0.13761531907684948,9,29,19.597688674926758,50,50,2000,3.relu,10,MNIST_ConvNet,exemplar,lrns,0.9678,0.96,0.004,0.004,1,False
42,1.716515873292054,4.560466997263261,0.002021157649675561,2.046224024851308,0.13761531907684948,9,29,19.597688674926758,50,50,2000,3.relu,10,MNIST_ConvNet,exemplar,lrns,0.9678,0.96,0.004,0.004,1,False
43,1.7623522317027114,4.25972817896338,0.008039245799829654,2.046224024851308,0.13761531907684948,9,29,19.597688674926758,50,50,2000,3.relu,10,MNIST_ConvNet,exemplar,lrns,0.9678,0.96,0.004,0.004,1,False
44,2.078369256641993,4.216421724797921,0.0034764393400294248,2.046224024851308,0.13761531907684948,9,29,19.597688674926758,50,50,2000,3.relu,10,MNIST_ConvNet,exemplar,lrns,0.9678,0.96,0.004,0.004,1,False
45,2.3184357590342524,4.0471477977328005,0.0028819604431980107,2.046224024851308,0.13761531907684948,9,29,19.597688674926758,50,50,2000,3.relu,10,MNIST_ConvNet,exemplar,lrns,0.9678,0.96,0.004,0.004,1,False
46,1.3757805379098613,4.477905944907621,0.005386632886627117,2.046224024851308,0.13761531907684948,9,29,19.597688674926758,50,50,2000,3.relu,10,MNIST_ConvNet,exemplar,lrns,0.9678,0.96,0.004,0.004,1,False
47,2.2753164999979782,4.509362396564787,0.002293640661615092,2.046224024851308,0.13761531907684948,9,29,19.597688674926758,50,50,2000,3.relu,10,MNIST_ConvNet,exemplar,lrns,0.9678,0.96,0.004,0.004,1,False
48,2.9132384396016087,4.01330887282517,0.003094120844184259,2.046224024851308,0.13761531907684948,9,29,19.597688674926758,50,50,2000,3.relu,10,MNIST_ConvNet,exemplar,lrns,0.9678,0.96,0.004,0.004,1,False
49,1.7979556110735095,5.16537513564818,0.0026852636194125154,2.046224024851308,0.13761531907684948,9,29,19.597688674926758,50,50,2000,3.relu,10,MNIST_ConvNet,exemplar,lrns,0.9678,0.96,0.004,0.004,1,False
0,2.207488767916765,4.224096623700995,0.002449138630057704,2.014716141658743,0.19970182457748725,16,19,12.090534210205078,50,50,2000,4.conv2,10,MNIST_ConvNet,exemplar,lrns,0.9678,0.96,0.004,0.004,1,False
1,1.8920711873329907,4.368077669605861,0.004184264036371634,2.014716141658743,0.19970182457748725,16,19,12.090534210205078,50,50,2000,4.conv2,10,MNIST_ConvNet,exemplar,lrns,0.9678,0.96,0.004,0.004,1,False
2,1.5067217115602458,4.596667689631524,0.00343172884397517,2.014716141658743,0.19970182457748725,16,19,12.090534210205078,50,50,2000,4.conv2,10,MNIST_ConvNet,exemplar,lrns,0.9678,0.96,0.004,0.004,1,False
3,2.3114112109144487,4.054576361583947,0.0034517442249934875,2.014716141658743,0.19970182457748725,16,19,12.090534210205078,50,50,2000,4.conv2,10,MNIST_ConvNet,exemplar,lrns,0.9678,0.96,0.004,0.004,1,False
4,2.5051220632304965,4.6581314508976135,0.0021006490064764192,2.014716141658743,0.19970182457748725,16,19,12.090534210205078,50,50,2000,4.conv2,10,MNIST_ConvNet,exemplar,lrns,0.9678,0.96,0.004,0.004,1,False
5,2.017720389027652,5.114656842989555,0.0026515842167259673,2.014716141658743,0.19970182457748725,16,19,12.090534210205078,50,50,2000,4.conv2,10,MNIST_ConvNet,exemplar,lrns,0.9678,0.96,0.004,0.004,1,False
6,2.5325734427292215,4.66956552651492,0.0012536618356274432,2.014716141658743,0.19970182457748725,16,19,12.090534210205078,50,50,2000,4.conv2,10,MNIST_ConvNet,exemplar,lrns,0.9678,0.96,0.004,0.004,1,False
7,1.96633187939371,4.280416851461628,0.0046879928642956144,2.014716141658743,0.19970182457748725,16,19,12.090534210205078,50,50,2000,4.conv2,10,MNIST_ConvNet,exemplar,lrns,0.9678,0.96,0.004,0.004,1,False
8,1.8399046866181274,4.539950904530405,0.0034293580326146943,2.014716141658743,0.19970182457748725,16,19,12.090534210205078,50,50,2000,4.conv2,10,MNIST_ConvNet,exemplar,lrns,0.9678,0.96,0.004,0.004,1,False
9,1.8643105254490104,5.011552113126142,0.00497978329909273,2.014716141658743,0.19970182457748725,16,19,12.090534210205078,50,50,2000,4.conv2,10,MNIST_ConvNet,exemplar,lrns,0.9678,0.96,0.004,0.004,1,False
10,1.736425841483617,4.322170072088304,0.006954247270646599,2.014716141658743,0.19970182457748725,16,19,12.090534210205078,50,50,2000,4.conv2,10,MNIST_ConvNet,exemplar,lrns,0.9678,0.96,0.004,0.004,1,False
11,2.5205583324887577,3.627021734696966,0.005685754209489888,2.014716141658743,0.19970182457748725,16,19,12.090534210205078,50,50,2000,4.conv2,10,MNIST_ConvNet,exemplar,lrns,0.9678,0.96,0.004,0.004,1,False
12,2.40253289911169,4.826362352483472,0.002180834561117162,2.014716141658743,0.19970182457748725,16,19,12.090534210205078,50,50,2000,4.conv2,10,MNIST_ConvNet,exemplar,lrns,0.9678,0.96,0.004,0.004,1,False
13,2.2487985907878767,4.821843424913204,0.0024934803808615838,2.014716141658743,0.19970182457748725,16,19,12.090534210205078,50,50,2000,4.conv2,10,MNIST_ConvNet,exemplar,lrns,0.9678,0.96,0.004,0.004,1,False
14,1.7062332280771884,4.470525515680953,0.0026019582159503103,2.014716141658743,0.19970182457748725,16,19,12.090534210205078,50,50,2000,4.conv2,10,MNIST_ConvNet,exemplar,lrns,0.9678,0.96,0.004,0.004,1,False
15,2.040510836108959,4.952665868784955,0.0037999210241272167,2.014716141658743,0.19970182457748725,16,19,12.090534210205078,50,50,2000,4.conv2,10,MNIST_ConvNet,exemplar,lrns,0.9678,0.96,0.004,0.004,1,False
16,2.038450582565072,4.988057853819469,0.001609486043718222,2.014716141658743,0.19970182457748725,16,19,12.090534210205078,50,50,2000,4.conv2,10,MNIST_ConvNet,exemplar,lrns,0.9678,0.96,0.004,0.004,1,False
17,1.8093663881219675,4.859336128475483,0.0016086195507138837,2.014716141658743,0.19970182457748725,16,19,12.090534210205078,50,50,2000,4.conv2,10,MNIST_ConvNet,exemplar,lrns,0.9678,0.96,0.004,0.004,1,False
18,1.3200234461325637,4.591806612525675,0.004113216557727497,2.014716141658743,0.19970182457748725,16,19,12.090534210205078,50,50,2000,4.conv2,10,MNIST_ConvNet,exemplar,lrns,0.9678,0.96,0.004,0.004,1,False
19,2.3428182467721066,3.9822625097435713,0.0028464693583858764,2.014716141658743,0.19970182457748725,16,19,12.090534210205078,50,50,2000,4.conv2,10,MNIST_ConvNet,exemplar,lrns,0.9678,0.96,0.004,0.004,1,False
20,2.8501806033054256,4.706430723208676,0.002810187156561486,2.014716141658743,0.19970182457748725,16,19,12.090534210205078,50,50,2000,4.conv2,10,MNIST_ConvNet,exemplar,lrns,0.9678,0.96,0.004,0.004,1,False
21,2.2395002779457833,4.446631954253634,0.002094012540260692,2.014716141658743,0.19970182457748725,16,19,12.090534210205078,50,50,2000,4.conv2,10,MNIST_ConvNet,exemplar,lrns,0.9678,0.96,0.004,0.004,1,False
22,1.9799365992612283,4.174610459694927,0.0028813565766333685,2.014716141658743,0.19970182457748725,16,19,12.090534210205078,50,50,2000,4.conv2,10,MNIST_ConvNet,exemplar,lrns,0.9678,0.96,0.004,0.004,1,False
23,1.7317162666329888,4.792257265302719,0.002541818662436114,2.014716141658743,0.19970182457748725,16,19,12.090534210205078,50,50,2000,4.conv2,10,MNIST_ConvNet,exemplar,lrns,0.9678,0.96,0.004,0.004,1,False
24,2.2774498775950573,4.584447152839991,0.00201318394448781,2.014716141658743,0.19970182457748725,16,19,12.090534210205078,50,50,2000,4.conv2,10,MNIST_ConvNet,exemplar,lrns,0.9678,0.96,0.004,0.004,1,False
25,1.6242282035258182,4.364842209162761,0.002609353159114257,2.014716141658743,0.19970182457748725,16,19,12.090534210205078,50,50,2000,4.conv2,10,MNIST_ConvNet,exemplar,lrns,0.9678,0.96,0.004,0.004,1,False
26,2.283627061376955,4.633939707510854,0.0029747737929643058,2.014716141658743,0.19970182457748725,16,19,12.090534210205078,50,50,2000,4.conv2,10,MNIST_ConvNet,exemplar,lrns,0.9678,0.96,0.004,0.004,1,False
27,1.8105350857075375,4.612217296247527,0.0015839698842822205,2.014716141658743,0.19970182457748725,16,19,12.090534210205078,50,50,2000,4.conv2,10,MNIST_ConvNet,exemplar,lrns,0.9678,0.96,0.004,0.004,1,False
28,2.1224932336299362,3.872992867282389,0.0029855956538999873,2.014716141658743,0.19970182457748725,16,19,12.090534210205078,50,50,2000,4.conv2,10,MNIST_ConvNet,exemplar,lrns,0.9678,0.96,0.004,0.004,1,False
29,2.1728716756604896,4.475368724494003,0.0021339697508571073,2.014716141658743,0.19970182457748725,16,19,12.090534210205078,50,50,2000,4.conv2,10,MNIST_ConvNet,exemplar,lrns,0.9678,0.96,0.004,0.004,1,False
30,1.6457079866493192,3.99198083123195,0.0038047429303077226,2.014716141658743,0.19970182457748725,16,19,12.090534210205078,50,50,2000,4.conv2,10,MNIST_ConvNet,exemplar,lrns,0.9678,0.96,0.004,0.004,1,False
31,1.604864780448098,4.549318137196884,0.0020185709826881964,2.014716141658743,0.19970182457748725,16,19,12.090534210205078,50,50,2000,4.conv2,10,MNIST_ConvNet,exemplar,lrns,0.9678,0.96,0.004,0.004,1,False
32,2.2272881117092607,4.699177039851674,0.0026252178142907915,2.014716141658743,0.19970182457748725,16,19,12.090534210205078,50,50,2000,4.conv2,10,MNIST_ConvNet,exemplar,lrns,0.9678,0.96,0.004,0.004,1,False
33,1.543929652417025,4.469311051557133,0.0019963309745738233,2.014716141658743,0.19970182457748725,16,19,12.090534210205078,50,50,2000,4.conv2,10,MNIST_ConvNet,exemplar,lrns,0.9678,0.96,0.004,0.004,1,False
34,2.9493687632614227,4.452962513158587,0.0038612280321260943,2.014716141658743,0.19970182457748725,16,19,12.090534210205078,50,50,2000,4.conv2,10,MNIST_ConvNet,exemplar,lrns,0.9678,0.96,0.004,0.004,1,False
35,1.9336764094558327,4.395148000247662,0.0021076988725816466,2.014716141658743,0.19970182457748725,16,19,12.090534210205078,50,50,2000,4.conv2,10,MNIST_ConvNet,exemplar,lrns,0.9678,0.96,0.004,0.004,1,False
36,3.721106676430019,4.914877746405218,0.009190676308294607,2.014716141658743,0.19970182457748725,16,19,12.090534210205078,50,50,2000,4.conv2,10,MNIST_ConvNet,exemplar,lrns,0.9678,0.96,0.004,0.004,1,False
37,2.8190762532153655,4.252773770329056,0.0018028561022588392,2.014716141658743,0.19970182457748725,16,19,12.090534210205078,50,50,2000,4.conv2,10,MNIST_ConvNet,exemplar,lrns,0.9678,0.96,0.004,0.004,1,False
38,1.3581840137068206,4.328013338194016,0.00209731053295044,2.014716141658743,0.19970182457748725,16,19,12.090534210205078,50,50,2000,4.conv2,10,MNIST_ConvNet,exemplar,lrns,0.9678,0.96,0.004,0.004,1,False
39,1.6377537801215187,4.567346701405568,0.0018899929812927518,2.014716141658743,0.19970182457748725,16,19,12.090534210205078,50,50,2000,4.conv2,10,MNIST_ConvNet,exemplar,lrns,0.9678,0.96,0.004,0.004,1,False
40,1.5577730791016775,4.933572341373621,0.0018771704107722012,2.014716141658743,0.19970182457748725,16,19,12.090534210205078,50,50,2000,4.conv2,10,MNIST_ConvNet,exemplar,lrns,0.9678,0.96,0.004,0.004,1,False
41,2.813512090075237,4.385329978214209,0.0020812546236409083,2.014716141658743,0.19970182457748725,16,19,12.090534210205078,50,50,2000,4.conv2,10,MNIST_ConvNet,exemplar,lrns,0.9678,0.96,0.004,0.004,1,False
42,1.9791513453198515,4.684162062772496,0.003183014629879388,2.014716141658743,0.19970182457748725,16,19,12.090534210205078,50,50,2000,4.conv2,10,MNIST_ConvNet,exemplar,lrns,0.9678,0.96,0.004,0.004,1,False
43,2.096108393927366,3.8790724862363657,0.009302654671985471,2.014716141658743,0.19970182457748725,16,19,12.090534210205078,50,50,2000,4.conv2,10,MNIST_ConvNet,exemplar,lrns,0.9678,0.96,0.004,0.004,1,False
44,1.4045277839425836,4.527395430366925,0.0032326953355708335,2.014716141658743,0.19970182457748725,16,19,12.090534210205078,50,50,2000,4.conv2,10,MNIST_ConvNet,exemplar,lrns,0.9678,0.96,0.004,0.004,1,False
45,2.15104241232515,4.672582408272592,0.0025780358819928934,2.014716141658743,0.19970182457748725,16,19,12.090534210205078,50,50,2000,4.conv2,10,MNIST_ConvNet,exemplar,lrns,0.9678,0.96,0.004,0.004,1,False
46,2.445285964324451,4.497870513596906,0.005409677019841548,2.014716141658743,0.19970182457748725,16,19,12.090534210205078,50,50,2000,4.conv2,10,MNIST_ConvNet,exemplar,lrns,0.9678,0.96,0.004,0.004,1,False
47,3.1897285266922393,4.596605680920612,0.00154317939745588,2.014716141658743,0.19970182457748725,16,19,12.090534210205078,50,50,2000,4.conv2,10,MNIST_ConvNet,exemplar,lrns,0.9678,0.96,0.004,0.004,1,False
48,2.60356260134604,4.234576454169692,0.003920171032366092,2.014716141658743,0.19970182457748725,16,19,12.090534210205078,50,50,2000,4.conv2,10,MNIST_ConvNet,exemplar,lrns,0.9678,0.96,0.004,0.004,1,False
49,2.218620212918346,4.651148307299176,0.0031735975015407944,2.014716141658743,0.19970182457748725,16,19,12.090534210205078,50,50,2000,4.conv2,10,MNIST_ConvNet,exemplar,lrns,0.9678,0.96,0.004,0.004,1,False
0,1.877638212544562,4.468118532803983,0.0027413438103732414,1.9917564251645543,0.15595911142777424,11,25,16.905885696411133,50,50,2000,5.norm,10,MNIST_ConvNet,exemplar,lrns,0.9678,0.96,0.004,0.004,1,False
1,2.2813038075433334,4.585930049244507,0.0060791910939102835,1.9917564251645543,0.15595911142777424,11,25,16.905885696411133,50,50,2000,5.norm,10,MNIST_ConvNet,exemplar,lrns,0.9678,0.96,0.004,0.004,1,False
2,2.508332313230966,4.33914772236649,0.00680080271192596,1.9917564251645543,0.15595911142777424,11,25,16.905885696411133,50,50,2000,5.norm,10,MNIST_ConvNet,exemplar,lrns,0.9678,0.96,0.004,0.004,1,False
3,2.1193669347560586,4.068303971723941,0.003665933333145376,1.9917564251645543,0.15595911142777424,11,25,16.905885696411133,50,50,2000,5.norm,10,MNIST_ConvNet,exemplar,lrns,0.9678,0.96,0.004,0.004,1,False
4,2.189574566615781,3.9628439550099364,0.003003496820770729,1.9917564251645543,0.15595911142777424,11,25,16.905885696411133,50,50,2000,5.norm,10,MNIST_ConvNet,exemplar,lrns,0.9678,0.96,0.004,0.004,1,False
5,2.108790942471507,4.407851149126069,0.002973461990939107,1.9917564251645543,0.15595911142777424,11,25,16.905885696411133,50,50,2000,5.norm,10,MNIST_ConvNet,exemplar,lrns,0.9678,0.96,0.004,0.004,1,False
6,1.757609350391147,4.637332134285315,0.002592522576954449,1.9917564251645543,0.15595911142777424,11,25,16.905885696411133,50,50,2000,5.norm,10,MNIST_ConvNet,exemplar,lrns,0.9678,0.96,0.004,0.004,1,False
7,1.7803558203804473,4.294384759133588,0.003384469955023637,1.9917564251645543,0.15595911142777424,11,25,16.905885696411133,50,50,2000,5.norm,10,MNIST_ConvNet,exemplar,lrns,0.9678,0.96,0.004,0.004,1,False
8,1.9758057695426887,3.8244103177458735,0.004280054418538856,1.9917564251645543,0.15595911142777424,11,25,16.905885696411133,50,50,2000,5.norm,10,MNIST_ConvNet,exemplar,lrns,0.9678,0.96,0.004,0.004,1,False
9,1.6624020306624263,4.819776744195078,0.002184141431478577,1.9917564251645543,0.15595911142777424,11,25,16.905885696411133,50,50,2000,5.norm,10,MNIST_ConvNet,exemplar,lrns,0.9678,0.96,0.004,0.004,1,False
10,1.907566997496086,3.7220176195347476,0.0028634670824331907,1.9917564251645543,0.15595911142777424,11,25,16.905885696411133,50,50,2000,5.norm,10,MNIST_ConvNet,exemplar,lrns,0.9678,0.96,0.004,0.004,1,False
11,1.2472582164978756,3.4369855670395695,0.006218693693543739,1.9917564251645543,0.15595911142777424,11,25,16.905885696411133,50,50,2000,5.norm,10,MNIST_ConvNet,exemplar,lrns,0.9678,0.96,0.004,0.004,1,False
12,1.8785257145217404,5.146664696966615,0.0022268879634584097,1.9917564251645543,0.15595911142777424,11,25,16.905885696411133,50,50,2000,5.norm,10,MNIST_ConvNet,exemplar,lrns,0.9678,0.96,0.004,0.004,1,False
13,2.329121179994925,4.403091363728059,0.0028942512585674184,1.9917564251645543,0.15595911142777424,11,25,16.905885696411133,50,50,2000,5.norm,10,MNIST_ConvNet,exemplar,lrns,0.9678,0.96,0.004,0.004,1,False
14,1.5036703996642828,4.503933925921301,0.0018546830696123055,1.9917564251645543,0.15595911142777424,11,25,16.905885696411133,50,50,2000,5.norm,10,MNIST_ConvNet,exemplar,lrns,0.9678,0.96,0.004,0.004,1,False
15,2.4034877023123493,4.112356705829785,0.0027797971397309313,1.9917564251645543,0.15595911142777424,11,25,16.905885696411133,50,50,2000,5.norm,10,MNIST_ConvNet,exemplar,lrns,0.9678,0.96,0.004,0.004,1,False
16,2.240961436359211,4.366837811590415,0.0015733691405540465,1.9917564251645543,0.15595911142777424,11,25,16.905885696411133,50,50,2000,5.norm,10,MNIST_ConvNet,exemplar,lrns,0.9678,0.96,0.004,0.004,1,False
17,1.987899028065204,4.830135062771411,0.0021163605116549526,1.9917564251645543,0.15595911142777424,11,25,16.905885696411133,50,50,2000,5.norm,10,MNIST_ConvNet,exemplar,lrns,0.9678,0.96,0.004,0.004,1,False
18,1.8031071575816884,4.248602492361011,0.0041096319717054694,1.9917564251645543,0.15595911142777424,11,25,16.905885696411133,50,50,2000,5.norm,10,MNIST_ConvNet,exemplar,lrns,0.9678,0.96,0.004,0.004,1,False
19,1.43373629142216,4.010606968985404,0.003134797518979972,1.9917564251645543,0.15595911142777424,11,25,16.905885696411133,50,50,2000,5.norm,10,MNIST_ConvNet,exemplar,lrns,0.9678,0.96,0.004,0.004,1,False
20,2.1688302330375655,4.588353182728571,0.0022346322599264496,1.9917564251645543,0.15595911142777424,11,25,16.905885696411133,50,50,2000,5.norm,10,MNIST_ConvNet,exemplar,lrns,0.9678,0.96,0.004,0.004,1,False
21,1.8567956168721176,4.333145263374125,0.0026445126335331594,1.9917564251645543,0.15595911142777424,11,25,16.905885696411133,50,50,2000,5.norm,10,MNIST_ConvNet,exemplar,lrns,0.9678,0.96,0.004,0.004,1,False
22,2.0085881402438677,4.726645044483798,0.0019397978578418174,1.9917564251645543,0.15595911142777424,11,25,16.905885696411133,50,50,2000,5.norm,10,MNIST_ConvNet,exemplar,lrns,0.9678,0.96,0.004,0.004,1,False
23,2.4452752925904386,4.813057426490717,0.002790002510460439,1.9917564251645543,0.15595911142777424,11,25,16.905885696411133,50,50,2000,5.norm,10,MNIST_ConvNet,exemplar,lrns,0.9678,0.96,0.004,0.004,1,False
24,1.6249413930706293,4.433834088442395,0.0024674883261036596,1.9917564251645543,0.15595911142777424,11,25,16.905885696411133,50,50,2000,5.norm,10,MNIST_ConvNet,exemplar,lrns,0.9678,0.96,0.004,0.004,1,False
25,2.7826529143397907,4.40266267285577,0.0019672561399868213,1.9917564251645543,0.15595911142777424,11,25,16.905885696411133,50,50,2000,5.norm,10,MNIST_ConvNet,exemplar,lrns,0.9678,0.96,0.004,0.004,1,False
26,1.985471023918649,4.463111098022832,0.003625766162337008,1.9917564251645543,0.15595911142777424,11,25,16.905885696411133,50,50,2000,5.norm,10,MNIST_ConvNet,exemplar,lrns,0.9678,0.96,0.004,0.004,1,False
27,2.320086629308162,4.241528959996094,0.0016722681864039628,1.9917564251645543,0.15595911142777424,11,25,16.905885696411133,50,50,2000,5.norm,10,MNIST_ConvNet,exemplar,lrns,0.9678,0.96,0.004,0.004,1,False
28,1.9287943532210499,3.9973195177958214,0.003103637929906008,1.9917564251645543,0.15595911142777424,11,25,16.905885696411133,50,50,2000,5.norm,10,MNIST_ConvNet,exemplar,lrns,0.9678,0.96,0.004,0.004,1,False
29,3.584824993135883,4.356021454686508,0.0021306749060581776,1.9917564251645543,0.15595911142777424,11,25,16.905885696411133,50,50,2000,5.norm,10,MNIST_ConvNet,exemplar,lrns,0.9678,0.96,0.004,0.004,1,False
30,1.8323016125595397,4.288872675614634,0.004978186671410686,1.9917564251645543,0.15595911142777424,11,25,16.905885696411133,50,50,2000,5.norm,10,MNIST_ConvNet,exemplar,lrns,0.9678,0.96,0.004,0.004,1,False
31,2.2549911196692936,4.49178820373556,0.0021963375077311406,1.9917564251645543,0.15595911142777424,11,25,16.905885696411133,50,50,2000,5.norm,10,MNIST_ConvNet,exemplar,lrns,0.9678,0.96,0.004,0.004,1,False
32,2.7769867519311293,4.824848052973258,0.0024289625398708,1.9917564251645543,0.15595911142777424,11,25,16.905885696411133,50,50,2000,5.norm,10,MNIST_ConvNet,exemplar,lrns,0.9678,0.96,0.004,0.004,1,False
33,1.9478896218887476,4.878285564384758,0.0019302536179406841,1.9917564251645543,0.15595911142777424,11,25,16.905885696411133,50,50,2000,5.norm,10,MNIST_ConvNet,exemplar,lrns,0.9678,0.96,0.004,0.004,1,False
34,1.2769814440183578,4.12436767674598,0.004529886854646058,1.9917564251645543,0.15595911142777424,11,25,16.905885696411133,50,50,2000,5.norm,10,MNIST_ConvNet,exemplar,lrns,0.9678,0.96,0.004,0.004,1,False
35,2.2622392076328137,4.593159857454467,0.003075440618629485,1.9917564251645543,0.15595911142777424,11,25,16.905885696411133,50,50,2000,5.norm,10,MNIST_ConvNet,exemplar,lrns,0.9678,0.96,0.004,0.004,1,False
36,2.1850305813824478,4.8505325023802195,0.001996520273959937,1.9917564251645543,0.15595911142777424,11,25,16.905885696411133,50,50,2000,5.norm,10,MNIST_ConvNet,exemplar,lrns,0.9678,0.96,0.004,0.004,1,False
37,1.9464075093406126,4.165969209159669,0.002461689085463014,1.9917564251645543,0.15595911142777424,11,25,16.905885696411133,50,50,2000,5.norm,10,MNIST_ConvNet,exemplar,lrns,0.9678,0.96,0.004,0.004,1,False
38,1.468679374025196,4.520955728416705,0.0031554952211965653,1.9917564251645543,0.15595911142777424,11,25,16.905885696411133,50,50,2000,5.norm,10,MNIST_ConvNet,exemplar,lrns,0.9678,0.96,0.004,0.004,1,False
39,1.6547855168701588,4.49297420113852,0.002321348904787253,1.9917564251645543,0.15595911142777424,11,25,16.905885696411133,50,50,2000,5.norm,10,MNIST_ConvNet,exemplar,lrns,0.9678,0.96,0.004,0.004,1,False
40,2.3427710901952667,5.013782341672378,0.002742388439930663,1.9917564251645543,0.15595911142777424,11,25,16.905885696411133,50,50,2000,5.norm,10,MNIST_ConvNet,exemplar,lrns,0.9678,0.96,0.004,0.004,1,False
41,1.9554777628913595,3.9212067572817033,0.002469457549169051,1.9917564251645543,0.15595911142777424,11,25,16.905885696411133,50,50,2000,5.norm,10,MNIST_ConvNet,exemplar,lrns,0.9678,0.96,0.004,0.004,1,False
42,1.4004780653148083,4.797243007484627,0.0020346975456026688,1.9917564251645543,0.15595911142777424,11,25,16.905885696411133,50,50,2000,5.norm,10,MNIST_ConvNet,exemplar,lrns,0.9678,0.96,0.004,0.004,1,False
43,2.2948608842546263,3.3958767589854633,0.013002389246093043,1.9917564251645543,0.15595911142777424,11,25,16.905885696411133,50,50,2000,5.norm,10,MNIST_ConvNet,exemplar,lrns,0.9678,0.96,0.004,0.004,1,False
44,2.2396374003098276,4.600553487702044,0.0025357310559100564,1.9917564251645543,0.15595911142777424,11,25,16.905885696411133,50,50,2000,5.norm,10,MNIST_ConvNet,exemplar,lrns,0.9678,0.96,0.004,0.004,1,False
45,2.934157795963597,4.241118097072202,0.0034813316892232074,1.9917564251645543,0.15595911142777424,11,25,16.905885696411133,50,50,2000,5.norm,10,MNIST_ConvNet,exemplar,lrns,0.9678,0.96,0.004,0.004,1,False
46,2.407307192959358,4.2171641142741585,0.008452108236944417,1.9917564251645543,0.15595911142777424,11,25,16.905885696411133,50,50,2000,5.norm,10,MNIST_ConvNet,exemplar,lrns,0.9678,0.96,0.004,0.004,1,False
47,2.401311542781305,4.282193263380618,0.0023911823055020962,1.9917564251645543,0.15595911142777424,11,25,16.905885696411133,50,50,2000,5.norm,10,MNIST_ConvNet,exemplar,lrns,0.9678,0.96,0.004,0.004,1,False
48,2.110298959999195,4.112846684906037,0.0029717553174621963,1.9917564251645543,0.15595911142777424,11,25,16.905885696411133,50,50,2000,5.norm,10,MNIST_ConvNet,exemplar,lrns,0.9678,0.96,0.004,0.004,1,False
49,2.605079522591827,4.638641496153351,0.0030299752435678676,1.9917564251645543,0.15595911142777424,11,25,16.905885696411133,50,50,2000,5.norm,10,MNIST_ConvNet,exemplar,lrns,0.9678,0.96,0.004,0.004,1,False
0,3.355144360973774,4.053368121678811,0.0032779918430944494,2.057910790783634,0.13761531907684948,9,29,19.597688674926758,50,50,2000,6.relu,10,MNIST_ConvNet,exemplar,lrns,0.9678,0.96,0.004,0.004,1,False
1,3.2405844181966685,4.464280254250599,0.004655349917379998,2.057910790783634,0.13761531907684948,9,29,19.597688674926758,50,50,2000,6.relu,10,MNIST_ConvNet,exemplar,lrns,0.9678,0.96,0.004,0.004,1,False
2,2.769028513641563,4.396493334863686,0.004175140055664838,2.057910790783634,0.13761531907684948,9,29,19.597688674926758,50,50,2000,6.relu,10,MNIST_ConvNet,exemplar,lrns,0.9678,0.96,0.004,0.004,1,False
3,1.597033766912428,4.2581827295951635,0.003429271394833561,2.057910790783634,0.13761531907684948,9,29,19.597688674926758,50,50,2000,6.relu,10,MNIST_ConvNet,exemplar,lrns,0.9678,0.96,0.004,0.004,1,False
4,1.9008908722361577,4.176633842734767,0.002726545009120714,2.057910790783634,0.13761531907684948,9,29,19.597688674926758,50,50,2000,6.relu,10,MNIST_ConvNet,exemplar,lrns,0.9678,0.96,0.004,0.004,1,False
5,1.698357473005601,4.628184064493634,0.0026082787466252875,2.057910790783634,0.13761531907684948,9,29,19.597688674926758,50,50,2000,6.relu,10,MNIST_ConvNet,exemplar,lrns,0.9678,0.96,0.004,0.004,1,False
6,1.4848038266986592,4.515264849186406,0.0015962741451968486,2.057910790783634,0.13761531907684948,9,29,19.597688674926758,50,50,2000,6.relu,10,MNIST_ConvNet,exemplar,lrns,0.9678,0.96,0.004,0.004,1,False
7,1.735512244658569,4.462857016132672,0.0031063908183696404,2.057910790783634,0.13761531907684948,9,29,19.597688674926758,50,50,2000,6.relu,10,MNIST_ConvNet,exemplar,lrns,0.9678,0.96,0.004,0.004,1,False
8,2.1272900772005263,4.012911477906492,0.0037032891191103754,2.057910790783634,0.13761531907684948,9,29,19.597688674926758,50,50,2000,6.relu,10,MNIST_ConvNet,exemplar,lrns,0.9678,0.96,0.004,0.004,1,False
9,3.3769460808090885,4.583632936817547,0.0020750542040234507,2.057910790783634,0.13761531907684948,9,29,19.597688674926758,50,50,2000,6.relu,10,MNIST_ConvNet,exemplar,lrns,0.9678,0.96,0.004,0.004,1,False
10,1.731020517193835,4.455468199678415,0.002200216775861979,2.057910790783634,0.13761531907684948,9,29,19.597688674926758,50,50,2000,6.relu,10,MNIST_ConvNet,exemplar,lrns,0.9678,0.96,0.004,0.004,1,False
11,2.256775418812719,3.279737231616232,0.005593667239223009,2.057910790783634,0.13761531907684948,9,29,19.597688674926758,50,50,2000,6.relu,10,MNIST_ConvNet,exemplar,lrns,0.9678,0.96,0.004,0.004,1,False
12,1.634621500421425,4.674632369540803,0.0022772474872378825,2.057910790783634,0.13761531907684948,9,29,19.597688674926758,50,50,2000,6.relu,10,MNIST_ConvNet,exemplar,lrns,0.9678,0.96,0.004,0.004,1,False
13,2.1374851031404796,5.036343345628122,0.002241098849447331,2.057910790783634,0.13761531907684948,9,29,19.597688674926758,50,50,2000,6.relu,10,MNIST_ConvNet,exemplar,lrns,0.9678,0.96,0.004,0.004,1,False
14,2.829943210775829,4.524692392910782,0.0019027404577100675,2.057910790783634,0.13761531907684948,9,29,19.597688674926758,50,50,2000,6.relu,10,MNIST_ConvNet,exemplar,lrns,0.9678,0.96,0.004,0.004,1,False
15,2.5021976194101714,4.694863161574885,0.002720341619321512,2.057910790783634,0.13761531907684948,9,29,19.597688674926758,50,50,2000,6.relu,10,MNIST_ConvNet,exemplar,lrns,0.9678,0.96,0.004,0.004,1,False
16,2.142412555101473,4.415327753735481,0.0018393453759070993,2.057910790783634,0.13761531907684948,9,29,19.597688674926758,50,50,2000,6.relu,10,MNIST_ConvNet,exemplar,lrns,0.9678,0.96,0.004,0.004,1,False
17,2.2018928712629244,5.127703758976953,0.001858984854040481,2.057910790783634,0.13761531907684948,9,29,19.597688674926758,50,50,2000,6.relu,10,MNIST_ConvNet,exemplar,lrns,0.9678,0.96,0.004,0.004,1,False
18,2.0462121636888,3.983364092290689,0.003133219199219512,2.057910790783634,0.13761531907684948,9,29,19.597688674926758,50,50,2000,6.relu,10,MNIST_ConvNet,exemplar,lrns,0.9678,0.96,0.004,0.004,1,False
19,2.6568500166215707,4.025064380385215,0.0031451013186715843,2.057910790783634,0.13761531907684948,9,29,19.597688674926758,50,50,2000,6.relu,10,MNIST_ConvNet,exemplar,lrns,0.9678,0.96,0.004,0.004,1,False
20,1.8280469950188696,4.757437896469337,0.0023312641023664196,2.057910790783634,0.13761531907684948,9,29,19.597688674926758,50,50,2000,6.relu,10,MNIST_ConvNet,exemplar,lrns,0.9678,0.96,0.004,0.004,1,False
21,2.012332908200576,4.7108803793649425,0.0018804992348237252,2.057910790783634,0.13761531907684948,9,29,19.597688674926758,50,50,2000,6.relu,10,MNIST_ConvNet,exemplar,lrns,0.9678,0.96,0.004,0.004,1,False
22,1.5877157845235343,4.467240352800213,0.0022473757200566604,2.057910790783634,0.13761531907684948,9,29,19.597688674926758,50,50,2000,6.relu,10,MNIST_ConvNet,exemplar,lrns,0.9678,0.96,0.004,0.004,1,False
23,1.4861531254650706,4.907791765031074,0.001640427402076876,2.057910790783634,0.13761531907684948,9,29,19.597688674926758,50,50,2000,6.relu,10,MNIST_ConvNet,exemplar,lrns,0.9678,0.96,0.004,0.004,1,False
24,2.222751007351121,4.7799735357215685,0.0025502340671316095,2.057910790783634,0.13761531907684948,9,29,19.597688674926758,50,50,2000,6.relu,10,MNIST_ConvNet,exemplar,lrns,0.9678,0.96,0.004,0.004,1,False
25,2.0756771424484204,4.262368293780125,0.0021594207846078934,2.057910790783634,0.13761531907684948,9,29,19.597688674926758,50,50,2000,6.relu,10,MNIST_ConvNet,exemplar,lrns,0.9678,0.96,0.004,0.004,1,False
26,1.8102719674482064,4.31285702431089,0.0026242203919007332,2.057910790783634,0.13761531907684948,9,29,19.597688674926758,50,50,2000,6.relu,10,MNIST_ConvNet,exemplar,lrns,0.9678,0.96,0.004,0.004,1,False
27,2.719679112645685,4.49128101487778,0.001744692774997988,2.057910790783634,0.13761531907684948,9,29,19.597688674926758,50,50,2000,6.relu,10,MNIST_ConvNet,exemplar,lrns,0.9678,0.96,0.004,0.004,1,False
28,2.064138408816422,3.7075324513450894,0.0037174446116576792,2.057910790783634,0.13761531907684948,9,29,19.597688674926758,50,50,2000,6.relu,10,MNIST_ConvNet,exemplar,lrns,0.9678,0.96,0.004,0.004,1,False
29,2.604042314896226,4.332903028982139,0.002233243922523067,2.057910790783634,0.13761531907684948,9,29,19.597688674926758,50,50,2000,6.relu,10,MNIST_ConvNet,exemplar,lrns,0.9678,0.96,0.004,0.004,1,False
30,2.1574520060621967,3.7449042054895014,0.003748754381878451,2.057910790783634,0.13761531907684948,9,29,19.597688674926758,50,50,2000,6.relu,10,MNIST_ConvNet,exemplar,lrns,0.9678,0.96,0.004,0.004,1,False
31,1.5782747933652843,4.796620643094447,0.0023506213305232834,2.057910790783634,0.13761531907684948,9,29,19.597688674926758,50,50,2000,6.relu,10,MNIST_ConvNet,exemplar,lrns,0.9678,0.96,0.004,0.004,1,False
32,3.351767363175744,4.562626952519402,0.0028905389033970904,2.057910790783634,0.13761531907684948,9,29,19.597688674926758,50,50,2000,6.relu,10,MNIST_ConvNet,exemplar,lrns,0.9678,0.96,0.004,0.004,1,False
33,1.5309149627653678,4.453000188014919,0.002209882727078595,2.057910790783634,0.13761531907684948,9,29,19.597688674926758,50,50,2000,6.relu,10,MNIST_ConvNet,exemplar,lrns,0.9678,0.96,0.004,0.004,1,False
34,2.0189011961566083,4.548316546342847,0.0032557906475813242,2.057910790783634,0.13761531907684948,9,29,19.597688674926758,50,50,2000,6.relu,10,MNIST_ConvNet,exemplar,lrns,0.9678,0.96,0.004,0.004,1,False
35,1.550489546290209,4.632507969570365,0.0021624366955079826,2.057910790783634,0.13761531907684948,9,29,19.597688674926758,50,50,2000,6.relu,10,MNIST_ConvNet,exemplar,lrns,0.9678,0.96,0.004,0.004,1,False
36,2.84095349555201,4.580660717778545,0.002203417209366004,2.057910790783634,0.13761531907684948,9,29,19.597688674926758,50,50,2000,6.relu,10,MNIST_ConvNet,exemplar,lrns,0.9678,0.96,0.004,0.004,1,False
37,2.5686403160674245,4.250445381727622,0.002211389553453279,2.057910790783634,0.13761531907684948,9,29,19.597688674926758,50,50,2000,6.relu,10,MNIST_ConvNet,exemplar,lrns,0.9678,0.96,0.004,0.004,1,False
38,2.2930253256781055,4.467365375830916,0.002412191141335714,2.057910790783634,0.13761531907684948,9,29,19.597688674926758,50,50,2000,6.relu,10,MNIST_ConvNet,exemplar,lrns,0.9678,0.96,0.004,0.004,1,False
39,1.6834105893119227,4.563823521965912,0.0020927987658192516,2.057910790783634,0.13761531907684948,9,29,19.597688674926758,50,50,2000,6.relu,10,MNIST_ConvNet,exemplar,lrns,0.9678,0.96,0.004,0.004,1,False
40,2.300669243514919,4.827973314524295,0.0035634232465744328,2.057910790783634,0.13761531907684948,9,29,19.597688674926758,50,50,2000,6.relu,10,MNIST_ConvNet,exemplar,lrns,0.9678,0.96,0.004,0.004,1,False
41,2.2167348914940486,3.7847344443295703,0.002257127028922134,2.057910790783634,0.13761531907684948,9,29,19.597688674926758,50,50,2000,6.relu,10,MNIST_ConvNet,exemplar,lrns,0.9678,0.96,0.004,0.004,1,False
42,2.079962092441307,4.605089712501685,0.002069552460984522,2.057910790783634,0.13761531907684948,9,29,19.597688674926758,50,50,2000,6.relu,10,MNIST_ConvNet,exemplar,lrns,0.9678,0.96,0.004,0.004,1,False
43,1.7398135940174455,3.86288598523581,0.00805382577583999,2.057910790783634,0.13761531907684948,9,29,19.597688674926758,50,50,2000,6.relu,10,MNIST_ConvNet,exemplar,lrns,0.9678,0.96,0.004,0.004,1,False
44,2.639871377120742,4.631993018163897,0.0034247235565613276,2.057910790783634,0.13761531907684948,9,29,19.597688674926758,50,50,2000,6.relu,10,MNIST_ConvNet,exemplar,lrns,0.9678,0.96,0.004,0.004,1,False
45,2.212783255072751,4.41544120628101,0.002860129062128405,2.057910790783634,0.13761531907684948,9,29,19.597688674926758,50,50,2000,6.relu,10,MNIST_ConvNet,exemplar,lrns,0.9678,0.96,0.004,0.004,1,False
46,2.149522740068451,4.582574034007022,0.005500286896069889,2.057910790783634,0.13761531907684948,9,29,19.597688674926758,50,50,2000,6.relu,10,MNIST_ConvNet,exemplar,lrns,0.9678,0.96,0.004,0.004,1,False
47,1.9959473226613749,4.330906668957053,0.002348928077813275,2.057910790783634,0.13761531907684948,9,29,19.597688674926758,50,50,2000,6.relu,10,MNIST_ConvNet,exemplar,lrns,0.9678,0.96,0.004,0.004,1,False
48,1.9161881642119363,3.527737424905429,0.0030812370302382808,2.057910790783634,0.13761531907684948,9,29,19.597688674926758,50,50,2000,6.relu,10,MNIST_ConvNet,exemplar,lrns,0.9678,0.96,0.004,0.004,1,False
49,1.5506451673549442,4.628210918641309,0.002711671552862706,2.057910790783634,0.13761531907684948,9,29,19.597688674926758,50,50,2000,6.relu,10,MNIST_ConvNet,exemplar,lrns,0.9678,0.96,0.004,0.004,1,False
0,2.6358723289811388,3.1039155841369546,0.0012269638768442421,1.9527590249003055,0.34764877630739793,2,5,4.503262519836426,50,50,10,7.linear,10,MNIST_ConvNet,exemplar,lrns,0.9678,0.96,0.004,0.004,1,False
1,1.412533930908788,2.536820253403507,0.0014029374651963612,1.9527590249003055,0.34764877630739793,2,5,4.503262519836426,50,50,10,7.linear,10,MNIST_ConvNet,exemplar,lrns,0.9678,0.96,0.004,0.004,1,False
2,2.3487910935078506,3.2747740073835487,0.0011444137793473067,1.9527590249003055,0.34764877630739793,2,5,4.503262519836426,50,50,10,7.linear,10,MNIST_ConvNet,exemplar,lrns,0.9678,0.96,0.004,0.004,1,False
3,1.8681879812448516,2.8550331151707207,0.0017048444414345593,1.9527590249003055,0.34764877630739793,2,5,4.503262519836426,50,50,10,7.linear,10,MNIST_ConvNet,exemplar,lrns,0.9678,0.96,0.004,0.004,1,False
4,1.7813657220875578,2.578381954345759,0.0023227151010103853,1.9527590249003055,0.34764877630739793,2,5,4.503262519836426,50,50,10,7.linear,10,MNIST_ConvNet,exemplar,lrns,0.9678,0.96,0.004,0.004,1,False
5,1.603858966133482,3.192397213588824,0.0006574380291365488,1.9527590249003055,0.34764877630739793,2,5,4.503262519836426,50,50,10,7.linear,10,MNIST_ConvNet,exemplar,lrns,0.9678,0.96,0.004,0.004,1,False
6,1.7515669141507941,2.929108127199428,0.0006959811916778965,1.9527590249003055,0.34764877630739793,2,5,4.503262519836426,50,50,10,7.linear,10,MNIST_ConvNet,exemplar,lrns,0.9678,0.96,0.004,0.004,1,False
7,2.3762296922129633,3.116897059055975,0.0009315724885096294,1.9527590249003055,0.34764877630739793,2,5,4.503262519836426,50,50,10,7.linear,10,MNIST_ConvNet,exemplar,lrns,0.9678,0.96,0.004,0.004,1,False
8,2.0220764311511865,2.4969349995864136,0.0016744412066275645,1.9527590249003055,0.34764877630739793,2,5,4.503262519836426,50,50,10,7.linear,10,MNIST_ConvNet,exemplar,lrns,0.9678,0.96,0.004,0.004,1,False
9,1.5267542482458818,3.1909159425874174,0.0017669549823699034,1.9527590249003055,0.34764877630739793,2,5,4.503262519836426,50,50,10,7.linear,10,MNIST_ConvNet,exemplar,lrns,0.9678,0.96,0.004,0.004,1,False
10,1.9142947667894104,3.2099240345688367,0.0013882738216527764,1.9527590249003055,0.34764877630739793,2,5,4.503262519836426,50,50,10,7.linear,10,MNIST_ConvNet,exemplar,lrns,0.9678,0.96,0.004,0.004,1,False
11,3.386824241294973,1.9480178449670311,0.002168778371812694,1.9527590249003055,0.34764877630739793,2,5,4.503262519836426,50,50,10,7.linear,10,MNIST_ConvNet,exemplar,lrns,0.9678,0.96,0.004,0.004,1,False
12,2.002646533225842,2.8401547066427195,0.0012173427750643013,1.9527590249003055,0.34764877630739793,2,5,4.503262519836426,50,50,10,7.linear,10,MNIST_ConvNet,exemplar,lrns,0.9678,0.96,0.004,0.004,1,False
13,1.8616449169967224,2.8593892049929757,0.0014573154063454773,1.9527590249003055,0.34764877630739793,2,5,4.503262519836426,50,50,10,7.linear,10,MNIST_ConvNet,exemplar,lrns,0.9678,0.96,0.004,0.004,1,False
14,2.7961538579907805,2.811924111798034,0.0011424340973119943,1.9527590249003055,0.34764877630739793,2,5,4.503262519836426,50,50,10,7.linear,10,MNIST_ConvNet,exemplar,lrns,0.9678,0.96,0.004,0.004,1,False
15,2.076880582208782,3.0760319872536606,0.0008451925626542409,1.9527590249003055,0.34764877630739793,2,5,4.503262519836426,50,50,10,7.linear,10,MNIST_ConvNet,exemplar,lrns,0.9678,0.96,0.004,0.004,1,False
16,1.7224295328383725,3.265745502064965,0.0007467672283367335,1.9527590249003055,0.34764877630739793,2,5,4.503262519836426,50,50,10,7.linear,10,MNIST_ConvNet,exemplar,lrns,0.9678,0.96,0.004,0.004,1,False
17,2.375758525687135,2.9597270977771455,0.0007413390656494119,1.9527590249003055,0.34764877630739793,2,5,4.503262519836426,50,50,10,7.linear,10,MNIST_ConvNet,exemplar,lrns,0.9678,0.96,0.004,0.004,1,False
18,2.125699957430982,3.1760060165289565,0.0007366860565738391,1.9527590249003055,0.34764877630739793,2,5,4.503262519836426,50,50,10,7.linear,10,MNIST_ConvNet,exemplar,lrns,0.9678,0.96,0.004,0.004,1,False
19,1.7389839240869918,2.5914728795068376,0.0018148754574643605,1.9527590249003055,0.34764877630739793,2,5,4.503262519836426,50,50,10,7.linear,10,MNIST_ConvNet,exemplar,lrns,0.9678,0.96,0.004,0.004,1,False
20,2.5121213546678756,2.8949110167612373,0.0016038697494518864,1.9527590249003055,0.34764877630739793,2,5,4.503262519836426,50,50,10,7.linear,10,MNIST_ConvNet,exemplar,lrns,0.9678,0.96,0.004,0.004,1,False
21,1.8781366443350913,2.90767930752853,0.0010407261655010194,1.9527590249003055,0.34764877630739793,2,5,4.503262519836426,50,50,10,7.linear,10,MNIST_ConvNet,exemplar,lrns,0.9678,0.96,0.004,0.004,1,False
22,2.3098545806601383,2.6466015615510914,0.0008939312548905836,1.9527590249003055,0.34764877630739793,2,5,4.503262519836426,50,50,10,7.linear,10,MNIST_ConvNet,exemplar,lrns,0.9678,0.96,0.004,0.004,1,False
23,2.82119308286715,2.8675844517490825,0.001028446264666701,1.9527590249003055,0.34764877630739793,2,5,4.503262519836426,50,50,10,7.linear,10,MNIST_ConvNet,exemplar,lrns,0.9678,0.96,0.004,0.004,1,False
24,2.516478265680458,3.115863078497994,0.001280438495205477,1.9527590249003055,0.34764877630739793,2,5,4.503262519836426,50,50,10,7.linear,10,MNIST_ConvNet,exemplar,lrns,0.9678,0.96,0.004,0.004,1,False
25,1.550590081568277,3.1194249590292107,0.0008807719030818171,1.9527590249003055,0.34764877630739793,2,5,4.503262519836426,50,50,10,7.linear,10,MNIST_ConvNet,exemplar,lrns,0.9678,0.96,0.004,0.004,1,False
26,1.548427263307919,2.7802862730753946,0.001284589154730455,1.9527590249003055,0.34764877630739793,2,5,4.503262519836426,50,50,10,7.linear,10,MNIST_ConvNet,exemplar,lrns,0.9678,0.96,0.004,0.004,1,False
27,2.6656864711276937,2.8115189170535966,0.0011053114635359881,1.9527590249003055,0.34764877630739793,2,5,4.503262519836426,50,50,10,7.linear,10,MNIST_ConvNet,exemplar,lrns,0.9678,0.96,0.004,0.004,1,False
28,1.9509711503641944,3.0497301974451636,0.0014459512029844827,1.9527590249003055,0.34764877630739793,2,5,4.503262519836426,50,50,10,7.linear,10,MNIST_ConvNet,exemplar,lrns,0.9678,0.96,0.004,0.004,1,False
29,2.6926508715006694,3.049401221576563,0.0015002131678688144,1.9527590249003055,0.34764877630739793,2,5,4.503262519836426,50,50,10,7.linear,10,MNIST_ConvNet,exemplar,lrns,0.9678,0.96,0.004,0.004,1,False
30,1.6955512713662484,2.469322767046455,0.0012700581916266277,1.9527590249003055,0.34764877630739793,2,5,4.503262519836426,50,50,10,7.linear,10,MNIST_ConvNet,exemplar,lrns,0.9678,0.96,0.004,0.004,1,False
31,2.2012860512781915,2.88382085267252,0.0010416791197708482,1.9527590249003055,0.34764877630739793,2,5,4.503262519836426,50,50,10,7.linear,10,MNIST_ConvNet,exemplar,lrns,0.9678,0.96,0.004,0.004,1,False
32,2.2505734002646895,3.217649598692261,0.0014874484212330813,1.9527590249003055,0.34764877630739793,2,5,4.503262519836426,50,50,10,7.linear,10,MNIST_ConvNet,exemplar,lrns,0.9678,0.96,0.004,0.004,1,False
33,2.5768227699816766,2.943689497662799,0.0013033549737427247,1.9527590249003055,0.34764877630739793,2,5,4.503262519836426,50,50,10,7.linear,10,MNIST_ConvNet,exemplar,lrns,0.9678,0.96,0.004,0.004,1,False
34,1.286929020045982,2.4788466234527475,0.0010987281029630565,1.9527590249003055,0.34764877630739793,2,5,4.503262519836426,50,50,10,7.linear,10,MNIST_ConvNet,exemplar,lrns,0.9678,0.96,0.004,0.004,1,False
35,1.4574803868959858,3.1351404520473665,0.0008468512632975274,1.9527590249003055,0.34764877630739793,2,5,4.503262519836426,50,50,10,7.linear,10,MNIST_ConvNet,exemplar,lrns,0.9678,0.96,0.004,0.004,1,False
36,1.6665782192489489,3.1186328055578647,0.0010151672208933043,1.9527590249003055,0.34764877630739793,2,5,4.503262519836426,50,50,10,7.linear,10,MNIST_ConvNet,exemplar,lrns,0.9678,0.96,0.004,0.004,1,False
37,2.936429718152043,3.198932201179921,0.0010944398979805395,1.9527590249003055,0.34764877630739793,2,5,4.503262519836426,50,50,10,7.linear,10,MNIST_ConvNet,exemplar,lrns,0.9678,0.96,0.004,0.004,1,False
38,1.387371191267841,2.9375152171559304,0.0009937275911538266,1.9527590249003055,0.34764877630739793,2,5,4.503262519836426,50,50,10,7.linear,10,MNIST_ConvNet,exemplar,lrns,0.9678,0.96,0.004,0.004,1,False
39,3.0408847460132686,3.200695959973822,0.0019751255496643218,1.9527590249003055,0.34764877630739793,2,5,4.503262519836426,50,50,10,7.linear,10,MNIST_ConvNet,exemplar,lrns,0.9678,0.96,0.004,0.004,1,False
40,1.296966367282227,2.8589980952865925,0.0010266284408691861,1.9527590249003055,0.34764877630739793,2,5,4.503262519836426,50,50,10,7.linear,10,MNIST_ConvNet,exemplar,lrns,0.9678,0.96,0.004,0.004,1,False
41,1.3924450597102023,2.8162931530155606,0.001081317232838382,1.9527590249003055,0.34764877630739793,2,5,4.503262519836426,50,50,10,7.linear,10,MNIST_ConvNet,exemplar,lrns,0.9678,0.96,0.004,0.004,1,False
42,1.9014504023149768,2.673329239735467,0.0016169703387740719,1.9527590249003055,0.34764877630739793,2,5,4.503262519836426,50,50,10,7.linear,10,MNIST_ConvNet,exemplar,lrns,0.9678,0.96,0.004,0.004,1,False
43,1.6564427299502578,2.700442632918745,0.001467548525038108,1.9527590249003055,0.34764877630739793,2,5,4.503262519836426,50,50,10,7.linear,10,MNIST_ConvNet,exemplar,lrns,0.9678,0.96,0.004,0.004,1,False
44,2.5459570961363718,3.1141983682591325,0.0011986500170474475,1.9527590249003055,0.34764877630739793,2,5,4.503262519836426,50,50,10,7.linear,10,MNIST_ConvNet,exemplar,lrns,0.9678,0.96,0.004,0.004,1,False
45,1.3812569630592644,3.08869316261609,0.001557831558506049,1.9527590249003055,0.34764877630739793,2,5,4.503262519836426,50,50,10,7.linear,10,MNIST_ConvNet,exemplar,lrns,0.9678,0.96,0.004,0.004,1,False
46,2.355861814126916,2.934428348080089,0.001319623315939295,1.9527590249003055,0.34764877630739793,2,5,4.503262519836426,50,50,10,7.linear,10,MNIST_ConvNet,exemplar,lrns,0.9678,0.96,0.004,0.004,1,False
47,2.5004638844617606,2.9034939493756835,0.0013418884035149073,1.9527590249003055,0.34764877630739793,2,5,4.503262519836426,50,50,10,7.linear,10,MNIST_ConvNet,exemplar,lrns,0.9678,0.96,0.004,0.004,1,False
48,2.2969568994969083,2.3242083371952402,0.0017529754922664161,1.9527590249003055,0.34764877630739793,2,5,4.503262519836426,50,50,10,7.linear,10,MNIST_ConvNet,exemplar,lrns,0.9678,0.96,0.004,0.004,1,False
49,2.000855396575898,2.698046601287834,0.0016314997521334996,1.9527590249003055,0.34764877630739793,2,5,4.503262519836426,50,50,10,7.linear,10,MNIST_ConvNet,exemplar,lrns,0.9678,0.96,0.004,0.004,1,False
