,cap,dim,rad,mean_cap,center_corr,K,EVD90,PR,P,M,N,layer,seed,model,manifold_type,clean_accuracy,adv_accuracy,eps,eps_step,max_iter,random
0,1.3181138743677754,5.017552523873882,0.07361471844457633,1.6478864930029855,0.14059123136559312,11,28,19.175291061401367,50,50,784,0.pixels,0,MNIST_ConvNet,exemplar,0.9749,0.8964,0.03137254901960784,0.03137254901960784,1,False
1,1.6633172024550447,4.718783904502493,0.032203304178211226,1.6478864930029855,0.14059123136559312,11,28,19.175291061401367,50,50,784,0.pixels,0,MNIST_ConvNet,exemplar,0.9749,0.8964,0.03137254901960784,0.03137254901960784,1,False
2,1.8864296534242975,4.946312156806678,0.03201011179871941,1.6478864930029855,0.14059123136559312,11,28,19.175291061401367,50,50,784,0.pixels,0,MNIST_ConvNet,exemplar,0.9749,0.8964,0.03137254901960784,0.03137254901960784,1,False
3,1.7649503151078565,5.019537300128788,0.043874907182887016,1.6478864930029855,0.14059123136559312,11,28,19.175291061401367,50,50,784,0.pixels,0,MNIST_ConvNet,exemplar,0.9749,0.8964,0.03137254901960784,0.03137254901960784,1,False
4,1.4474419519139334,4.823791655735829,0.025741645698276427,1.6478864930029855,0.14059123136559312,11,28,19.175291061401367,50,50,784,0.pixels,0,MNIST_ConvNet,exemplar,0.9749,0.8964,0.03137254901960784,0.03137254901960784,1,False
5,1.2525002818017128,4.393916094208123,0.04442756349481829,1.6478864930029855,0.14059123136559312,11,28,19.175291061401367,50,50,784,0.pixels,0,MNIST_ConvNet,exemplar,0.9749,0.8964,0.03137254901960784,0.03137254901960784,1,False
6,1.5887553005849588,4.624655291251641,0.04930290352482952,1.6478864930029855,0.14059123136559312,11,28,19.175291061401367,50,50,784,0.pixels,0,MNIST_ConvNet,exemplar,0.9749,0.8964,0.03137254901960784,0.03137254901960784,1,False
7,1.373944804624748,4.965383024663395,0.028911963712047534,1.6478864930029855,0.14059123136559312,11,28,19.175291061401367,50,50,784,0.pixels,0,MNIST_ConvNet,exemplar,0.9749,0.8964,0.03137254901960784,0.03137254901960784,1,False
8,1.4355605468508235,4.720559856889707,0.053629781825035194,1.6478864930029855,0.14059123136559312,11,28,19.175291061401367,50,50,784,0.pixels,0,MNIST_ConvNet,exemplar,0.9749,0.8964,0.03137254901960784,0.03137254901960784,1,False
9,1.6391434880665743,5.19458970089253,0.024148313344553984,1.6478864930029855,0.14059123136559312,11,28,19.175291061401367,50,50,784,0.pixels,0,MNIST_ConvNet,exemplar,0.9749,0.8964,0.03137254901960784,0.03137254901960784,1,False
10,1.8842804025247664,4.369054394884863,0.03387949901495872,1.6478864930029855,0.14059123136559312,11,28,19.175291061401367,50,50,784,0.pixels,0,MNIST_ConvNet,exemplar,0.9749,0.8964,0.03137254901960784,0.03137254901960784,1,False
11,1.2830588534244285,5.1018245308072085,0.03317796413797739,1.6478864930029855,0.14059123136559312,11,28,19.175291061401367,50,50,784,0.pixels,0,MNIST_ConvNet,exemplar,0.9749,0.8964,0.03137254901960784,0.03137254901960784,1,False
12,2.623275680006874,4.6534534612747755,0.040295741579658345,1.6478864930029855,0.14059123136559312,11,28,19.175291061401367,50,50,784,0.pixels,0,MNIST_ConvNet,exemplar,0.9749,0.8964,0.03137254901960784,0.03137254901960784,1,False
13,2.096282435025847,4.415552756338595,0.0467400673315782,1.6478864930029855,0.14059123136559312,11,28,19.175291061401367,50,50,784,0.pixels,0,MNIST_ConvNet,exemplar,0.9749,0.8964,0.03137254901960784,0.03137254901960784,1,False
14,2.347187934494497,4.319418326900286,0.028386028724202438,1.6478864930029855,0.14059123136559312,11,28,19.175291061401367,50,50,784,0.pixels,0,MNIST_ConvNet,exemplar,0.9749,0.8964,0.03137254901960784,0.03137254901960784,1,False
15,1.2965015605698982,4.847264466652048,0.09169342342363002,1.6478864930029855,0.14059123136559312,11,28,19.175291061401367,50,50,784,0.pixels,0,MNIST_ConvNet,exemplar,0.9749,0.8964,0.03137254901960784,0.03137254901960784,1,False
16,1.5865861132189119,4.828710661516468,0.03438760835205426,1.6478864930029855,0.14059123136559312,11,28,19.175291061401367,50,50,784,0.pixels,0,MNIST_ConvNet,exemplar,0.9749,0.8964,0.03137254901960784,0.03137254901960784,1,False
17,1.6948794684531667,4.549453838070125,0.0580594219448341,1.6478864930029855,0.14059123136559312,11,28,19.175291061401367,50,50,784,0.pixels,0,MNIST_ConvNet,exemplar,0.9749,0.8964,0.03137254901960784,0.03137254901960784,1,False
18,1.518046103869875,5.016292042524301,0.04523142708499085,1.6478864930029855,0.14059123136559312,11,28,19.175291061401367,50,50,784,0.pixels,0,MNIST_ConvNet,exemplar,0.9749,0.8964,0.03137254901960784,0.03137254901960784,1,False
19,1.820186822725507,4.977011952449555,0.031008763953936973,1.6478864930029855,0.14059123136559312,11,28,19.175291061401367,50,50,784,0.pixels,0,MNIST_ConvNet,exemplar,0.9749,0.8964,0.03137254901960784,0.03137254901960784,1,False
20,1.7536383298674845,4.4050569142237785,0.04192862928993077,1.6478864930029855,0.14059123136559312,11,28,19.175291061401367,50,50,784,0.pixels,0,MNIST_ConvNet,exemplar,0.9749,0.8964,0.03137254901960784,0.03137254901960784,1,False
21,1.4747650022774301,5.143771700924585,0.03839819436228011,1.6478864930029855,0.14059123136559312,11,28,19.175291061401367,50,50,784,0.pixels,0,MNIST_ConvNet,exemplar,0.9749,0.8964,0.03137254901960784,0.03137254901960784,1,False
22,2.6656697753667893,4.672445693014147,0.03525318843477977,1.6478864930029855,0.14059123136559312,11,28,19.175291061401367,50,50,784,0.pixels,0,MNIST_ConvNet,exemplar,0.9749,0.8964,0.03137254901960784,0.03137254901960784,1,False
23,2.0972270063329694,4.964398793182507,0.03560082738257764,1.6478864930029855,0.14059123136559312,11,28,19.175291061401367,50,50,784,0.pixels,0,MNIST_ConvNet,exemplar,0.9749,0.8964,0.03137254901960784,0.03137254901960784,1,False
24,1.1861965070692047,4.395085668714986,0.030442930333916443,1.6478864930029855,0.14059123136559312,11,28,19.175291061401367,50,50,784,0.pixels,0,MNIST_ConvNet,exemplar,0.9749,0.8964,0.03137254901960784,0.03137254901960784,1,False
25,1.4592486792566384,4.641943454428824,0.04032050121595621,1.6478864930029855,0.14059123136559312,11,28,19.175291061401367,50,50,784,0.pixels,0,MNIST_ConvNet,exemplar,0.9749,0.8964,0.03137254901960784,0.03137254901960784,1,False
26,1.6260765796282954,4.211399881657365,0.0497755099262559,1.6478864930029855,0.14059123136559312,11,28,19.175291061401367,50,50,784,0.pixels,0,MNIST_ConvNet,exemplar,0.9749,0.8964,0.03137254901960784,0.03137254901960784,1,False
27,1.8979807484839817,4.856859011444049,0.03741725981067275,1.6478864930029855,0.14059123136559312,11,28,19.175291061401367,50,50,784,0.pixels,0,MNIST_ConvNet,exemplar,0.9749,0.8964,0.03137254901960784,0.03137254901960784,1,False
28,2.103268775835791,4.670837110097386,0.04245063246447379,1.6478864930029855,0.14059123136559312,11,28,19.175291061401367,50,50,784,0.pixels,0,MNIST_ConvNet,exemplar,0.9749,0.8964,0.03137254901960784,0.03137254901960784,1,False
29,2.0769916856735122,4.787931666696879,0.04033279549783608,1.6478864930029855,0.14059123136559312,11,28,19.175291061401367,50,50,784,0.pixels,0,MNIST_ConvNet,exemplar,0.9749,0.8964,0.03137254901960784,0.03137254901960784,1,False
30,1.3443576708879623,4.670873662815728,0.034994937672513333,1.6478864930029855,0.14059123136559312,11,28,19.175291061401367,50,50,784,0.pixels,0,MNIST_ConvNet,exemplar,0.9749,0.8964,0.03137254901960784,0.03137254901960784,1,False
31,2.1922814788478835,5.015916595720194,0.04143860978264364,1.6478864930029855,0.14059123136559312,11,28,19.175291061401367,50,50,784,0.pixels,0,MNIST_ConvNet,exemplar,0.9749,0.8964,0.03137254901960784,0.03137254901960784,1,False
32,1.5297865009073603,4.864590596126843,0.04810987915101948,1.6478864930029855,0.14059123136559312,11,28,19.175291061401367,50,50,784,0.pixels,0,MNIST_ConvNet,exemplar,0.9749,0.8964,0.03137254901960784,0.03137254901960784,1,False
33,1.85533506056147,5.348584640866106,0.05385668243078112,1.6478864930029855,0.14059123136559312,11,28,19.175291061401367,50,50,784,0.pixels,0,MNIST_ConvNet,exemplar,0.9749,0.8964,0.03137254901960784,0.03137254901960784,1,False
34,2.0781435398583517,4.6783335472448435,0.043985631554392064,1.6478864930029855,0.14059123136559312,11,28,19.175291061401367,50,50,784,0.pixels,0,MNIST_ConvNet,exemplar,0.9749,0.8964,0.03137254901960784,0.03137254901960784,1,False
35,2.2660003806478763,4.114614539430921,0.04235668090604953,1.6478864930029855,0.14059123136559312,11,28,19.175291061401367,50,50,784,0.pixels,0,MNIST_ConvNet,exemplar,0.9749,0.8964,0.03137254901960784,0.03137254901960784,1,False
36,1.277488862516029,4.388577752960851,0.031892837780968596,1.6478864930029855,0.14059123136559312,11,28,19.175291061401367,50,50,784,0.pixels,0,MNIST_ConvNet,exemplar,0.9749,0.8964,0.03137254901960784,0.03137254901960784,1,False
37,1.7206245124346575,4.993063028575436,0.04036312118953152,1.6478864930029855,0.14059123136559312,11,28,19.175291061401367,50,50,784,0.pixels,0,MNIST_ConvNet,exemplar,0.9749,0.8964,0.03137254901960784,0.03137254901960784,1,False
38,1.638576973615118,4.596886874595582,0.04984638880781859,1.6478864930029855,0.14059123136559312,11,28,19.175291061401367,50,50,784,0.pixels,0,MNIST_ConvNet,exemplar,0.9749,0.8964,0.03137254901960784,0.03137254901960784,1,False
39,1.9759419712579547,4.819009836719729,0.05273644069741544,1.6478864930029855,0.14059123136559312,11,28,19.175291061401367,50,50,784,0.pixels,0,MNIST_ConvNet,exemplar,0.9749,0.8964,0.03137254901960784,0.03137254901960784,1,False
40,2.166133370481626,4.555962045350083,0.03197585936165475,1.6478864930029855,0.14059123136559312,11,28,19.175291061401367,50,50,784,0.pixels,0,MNIST_ConvNet,exemplar,0.9749,0.8964,0.03137254901960784,0.03137254901960784,1,False
41,1.3587294914871324,5.038995697773343,0.0345534965567546,1.6478864930029855,0.14059123136559312,11,28,19.175291061401367,50,50,784,0.pixels,0,MNIST_ConvNet,exemplar,0.9749,0.8964,0.03137254901960784,0.03137254901960784,1,False
42,1.1885390973696364,4.961294117168057,0.07599511235266042,1.6478864930029855,0.14059123136559312,11,28,19.175291061401367,50,50,784,0.pixels,0,MNIST_ConvNet,exemplar,0.9749,0.8964,0.03137254901960784,0.03137254901960784,1,False
43,1.6773182404117717,4.3435150604735835,0.029397484610306737,1.6478864930029855,0.14059123136559312,11,28,19.175291061401367,50,50,784,0.pixels,0,MNIST_ConvNet,exemplar,0.9749,0.8964,0.03137254901960784,0.03137254901960784,1,False
44,2.208496453367297,4.600453002889226,0.031760357338970986,1.6478864930029855,0.14059123136559312,11,28,19.175291061401367,50,50,784,0.pixels,0,MNIST_ConvNet,exemplar,0.9749,0.8964,0.03137254901960784,0.03137254901960784,1,False
45,2.0851254046058467,5.3241489324672235,0.06698262192189615,1.6478864930029855,0.14059123136559312,11,28,19.175291061401367,50,50,784,0.pixels,0,MNIST_ConvNet,exemplar,0.9749,0.8964,0.03137254901960784,0.03137254901960784,1,False
46,1.658684691690318,4.868555683602492,0.03688735018454394,1.6478864930029855,0.14059123136559312,11,28,19.175291061401367,50,50,784,0.pixels,0,MNIST_ConvNet,exemplar,0.9749,0.8964,0.03137254901960784,0.03137254901960784,1,False
47,1.6742381409961957,4.722555009410908,0.04105124767100675,1.6478864930029855,0.14059123136559312,11,28,19.175291061401367,50,50,784,0.pixels,0,MNIST_ConvNet,exemplar,0.9749,0.8964,0.03137254901960784,0.03137254901960784,1,False
48,1.362487560756618,4.972996574526761,0.06288134008929636,1.6478864930029855,0.14059123136559312,11,28,19.175291061401367,50,50,784,0.pixels,0,MNIST_ConvNet,exemplar,0.9749,0.8964,0.03137254901960784,0.03137254901960784,1,False
49,1.094754002088224,4.822863111428232,0.03636360530793033,1.6478864930029855,0.14059123136559312,11,28,19.175291061401367,50,50,784,0.pixels,0,MNIST_ConvNet,exemplar,0.9749,0.8964,0.03137254901960784,0.03137254901960784,1,False
0,1.9289151178428918,4.500342868330344,0.06198359880565296,1.8163044643368504,0.14964174410415343,12,24,17.32105128281589,50,50,2000,1.conv1,0,MNIST_ConvNet,exemplar,0.9749,0.8964,0.03137254901960784,0.03137254901960784,1,False
1,2.213976028889695,4.822813090371016,0.025609031490329233,1.8163044643368504,0.14964174410415343,12,24,17.32105128281589,50,50,2000,1.conv1,0,MNIST_ConvNet,exemplar,0.9749,0.8964,0.03137254901960784,0.03137254901960784,1,False
2,1.7223189667659764,4.369213253007552,0.02398718468308356,1.8163044643368504,0.14964174410415343,12,24,17.32105128281589,50,50,2000,1.conv1,0,MNIST_ConvNet,exemplar,0.9749,0.8964,0.03137254901960784,0.03137254901960784,1,False
3,1.4003794542139543,4.543488401922752,0.03566992655820187,1.8163044643368504,0.14964174410415343,12,24,17.32105128281589,50,50,2000,1.conv1,0,MNIST_ConvNet,exemplar,0.9749,0.8964,0.03137254901960784,0.03137254901960784,1,False
4,2.1071634476105587,4.66986127297649,0.017059151309920473,1.8163044643368504,0.14964174410415343,12,24,17.32105128281589,50,50,2000,1.conv1,0,MNIST_ConvNet,exemplar,0.9749,0.8964,0.03137254901960784,0.03137254901960784,1,False
5,2.765573607976845,4.040174313424697,0.035131146780327256,1.8163044643368504,0.14964174410415343,12,24,17.32105128281589,50,50,2000,1.conv1,0,MNIST_ConvNet,exemplar,0.9749,0.8964,0.03137254901960784,0.03137254901960784,1,False
6,1.5714005236696769,4.210607485180862,0.03695576981970653,1.8163044643368504,0.14964174410415343,12,24,17.32105128281589,50,50,2000,1.conv1,0,MNIST_ConvNet,exemplar,0.9749,0.8964,0.03137254901960784,0.03137254901960784,1,False
7,1.9509318086825447,4.496745720000446,0.015866021505511835,1.8163044643368504,0.14964174410415343,12,24,17.32105128281589,50,50,2000,1.conv1,0,MNIST_ConvNet,exemplar,0.9749,0.8964,0.03137254901960784,0.03137254901960784,1,False
8,1.879497230511723,4.601209056062768,0.03764183114373858,1.8163044643368504,0.14964174410415343,12,24,17.32105128281589,50,50,2000,1.conv1,0,MNIST_ConvNet,exemplar,0.9749,0.8964,0.03137254901960784,0.03137254901960784,1,False
9,2.1412300794014456,4.342397611212466,0.016255248511313686,1.8163044643368504,0.14964174410415343,12,24,17.32105128281589,50,50,2000,1.conv1,0,MNIST_ConvNet,exemplar,0.9749,0.8964,0.03137254901960784,0.03137254901960784,1,False
10,2.0485133175519907,4.0923778448258075,0.02401020929685356,1.8163044643368504,0.14964174410415343,12,24,17.32105128281589,50,50,2000,1.conv1,0,MNIST_ConvNet,exemplar,0.9749,0.8964,0.03137254901960784,0.03137254901960784,1,False
11,1.8561362277863438,4.808923236580734,0.0194209883405792,1.8163044643368504,0.14964174410415343,12,24,17.32105128281589,50,50,2000,1.conv1,0,MNIST_ConvNet,exemplar,0.9749,0.8964,0.03137254901960784,0.03137254901960784,1,False
12,1.5637094740292747,4.330762822356878,0.028280958421315186,1.8163044643368504,0.14964174410415343,12,24,17.32105128281589,50,50,2000,1.conv1,0,MNIST_ConvNet,exemplar,0.9749,0.8964,0.03137254901960784,0.03137254901960784,1,False
13,2.001048428979261,4.139366170595397,0.03187415003333815,1.8163044643368504,0.14964174410415343,12,24,17.32105128281589,50,50,2000,1.conv1,0,MNIST_ConvNet,exemplar,0.9749,0.8964,0.03137254901960784,0.03137254901960784,1,False
14,1.664357518293504,3.99281948146852,0.03170457536343824,1.8163044643368504,0.14964174410415343,12,24,17.32105128281589,50,50,2000,1.conv1,0,MNIST_ConvNet,exemplar,0.9749,0.8964,0.03137254901960784,0.03137254901960784,1,False
15,1.9291015720095037,4.5576132758329555,0.0453900763867485,1.8163044643368504,0.14964174410415343,12,24,17.32105128281589,50,50,2000,1.conv1,0,MNIST_ConvNet,exemplar,0.9749,0.8964,0.03137254901960784,0.03137254901960784,1,False
16,1.8438038999270063,4.263189295086095,0.02631036693574673,1.8163044643368504,0.14964174410415343,12,24,17.32105128281589,50,50,2000,1.conv1,0,MNIST_ConvNet,exemplar,0.9749,0.8964,0.03137254901960784,0.03137254901960784,1,False
17,1.637493801033393,3.9143229829100705,0.06961277669170954,1.8163044643368504,0.14964174410415343,12,24,17.32105128281589,50,50,2000,1.conv1,0,MNIST_ConvNet,exemplar,0.9749,0.8964,0.03137254901960784,0.03137254901960784,1,False
18,1.928435252174613,4.717617015555989,0.02910963034586504,1.8163044643368504,0.14964174410415343,12,24,17.32105128281589,50,50,2000,1.conv1,0,MNIST_ConvNet,exemplar,0.9749,0.8964,0.03137254901960784,0.03137254901960784,1,False
19,1.5483682490023445,4.395592405570482,0.022024342642880935,1.8163044643368504,0.14964174410415343,12,24,17.32105128281589,50,50,2000,1.conv1,0,MNIST_ConvNet,exemplar,0.9749,0.8964,0.03137254901960784,0.03137254901960784,1,False
20,1.843949690054504,3.9848144894981266,0.0227990707153781,1.8163044643368504,0.14964174410415343,12,24,17.32105128281589,50,50,2000,1.conv1,0,MNIST_ConvNet,exemplar,0.9749,0.8964,0.03137254901960784,0.03137254901960784,1,False
21,1.420731184092241,4.575955389384996,0.029456381602777238,1.8163044643368504,0.14964174410415343,12,24,17.32105128281589,50,50,2000,1.conv1,0,MNIST_ConvNet,exemplar,0.9749,0.8964,0.03137254901960784,0.03137254901960784,1,False
22,1.4790458836265108,4.063744074300753,0.03608031455339065,1.8163044643368504,0.14964174410415343,12,24,17.32105128281589,50,50,2000,1.conv1,0,MNIST_ConvNet,exemplar,0.9749,0.8964,0.03137254901960784,0.03137254901960784,1,False
23,1.8027788739989534,4.569597626174194,0.024877106503049577,1.8163044643368504,0.14964174410415343,12,24,17.32105128281589,50,50,2000,1.conv1,0,MNIST_ConvNet,exemplar,0.9749,0.8964,0.03137254901960784,0.03137254901960784,1,False
24,1.7657783708397397,4.200787416213461,0.02087313236386195,1.8163044643368504,0.14964174410415343,12,24,17.32105128281589,50,50,2000,1.conv1,0,MNIST_ConvNet,exemplar,0.9749,0.8964,0.03137254901960784,0.03137254901960784,1,False
25,1.3850412536808354,4.315899203626252,0.028228524028909383,1.8163044643368504,0.14964174410415343,12,24,17.32105128281589,50,50,2000,1.conv1,0,MNIST_ConvNet,exemplar,0.9749,0.8964,0.03137254901960784,0.03137254901960784,1,False
26,1.791992343325588,3.618933229605692,0.042537343547109065,1.8163044643368504,0.14964174410415343,12,24,17.32105128281589,50,50,2000,1.conv1,0,MNIST_ConvNet,exemplar,0.9749,0.8964,0.03137254901960784,0.03137254901960784,1,False
27,1.2681957254086937,4.378321462001993,0.11471765119472706,1.8163044643368504,0.14964174410415343,12,24,17.32105128281589,50,50,2000,1.conv1,0,MNIST_ConvNet,exemplar,0.9749,0.8964,0.03137254901960784,0.03137254901960784,1,False
28,2.689526620958569,4.294683513284612,0.024940138050983045,1.8163044643368504,0.14964174410415343,12,24,17.32105128281589,50,50,2000,1.conv1,0,MNIST_ConvNet,exemplar,0.9749,0.8964,0.03137254901960784,0.03137254901960784,1,False
29,2.01602435963953,4.548965829571926,0.03100285208203405,1.8163044643368504,0.14964174410415343,12,24,17.32105128281589,50,50,2000,1.conv1,0,MNIST_ConvNet,exemplar,0.9749,0.8964,0.03137254901960784,0.03137254901960784,1,False
30,2.0197137023415164,4.370487088467004,0.02434725151457862,1.8163044643368504,0.14964174410415343,12,24,17.32105128281589,50,50,2000,1.conv1,0,MNIST_ConvNet,exemplar,0.9749,0.8964,0.03137254901960784,0.03137254901960784,1,False
31,2.507366705244855,4.714520055687763,0.025400153507563174,1.8163044643368504,0.14964174410415343,12,24,17.32105128281589,50,50,2000,1.conv1,0,MNIST_ConvNet,exemplar,0.9749,0.8964,0.03137254901960784,0.03137254901960784,1,False
32,2.590075202480028,4.550112137458678,0.0313494440716785,1.8163044643368504,0.14964174410415343,12,24,17.32105128281589,50,50,2000,1.conv1,0,MNIST_ConvNet,exemplar,0.9749,0.8964,0.03137254901960784,0.03137254901960784,1,False
33,1.9924334778492123,4.670709338988135,0.029595413137157783,1.8163044643368504,0.14964174410415343,12,24,17.32105128281589,50,50,2000,1.conv1,0,MNIST_ConvNet,exemplar,0.9749,0.8964,0.03137254901960784,0.03137254901960784,1,False
34,1.880766942513818,4.664188644496978,0.029388477558736522,1.8163044643368504,0.14964174410415343,12,24,17.32105128281589,50,50,2000,1.conv1,0,MNIST_ConvNet,exemplar,0.9749,0.8964,0.03137254901960784,0.03137254901960784,1,False
35,1.456066131723234,4.409117424430395,0.028902971749587836,1.8163044643368504,0.14964174410415343,12,24,17.32105128281589,50,50,2000,1.conv1,0,MNIST_ConvNet,exemplar,0.9749,0.8964,0.03137254901960784,0.03137254901960784,1,False
36,2.293790023881945,4.959112545155622,0.03507746781676539,1.8163044643368504,0.14964174410415343,12,24,17.32105128281589,50,50,2000,1.conv1,0,MNIST_ConvNet,exemplar,0.9749,0.8964,0.03137254901960784,0.03137254901960784,1,False
37,2.4614395200912416,4.066976879529097,0.027109576631361678,1.8163044643368504,0.14964174410415343,12,24,17.32105128281589,50,50,2000,1.conv1,0,MNIST_ConvNet,exemplar,0.9749,0.8964,0.03137254901960784,0.03137254901960784,1,False
38,1.9675636005845858,4.555066541901245,0.033483389412242645,1.8163044643368504,0.14964174410415343,12,24,17.32105128281589,50,50,2000,1.conv1,0,MNIST_ConvNet,exemplar,0.9749,0.8964,0.03137254901960784,0.03137254901960784,1,False
39,1.294299480694685,4.204837664709147,0.03652864468090574,1.8163044643368504,0.14964174410415343,12,24,17.32105128281589,50,50,2000,1.conv1,0,MNIST_ConvNet,exemplar,0.9749,0.8964,0.03137254901960784,0.03137254901960784,1,False
40,2.0083137494034875,4.522834361578724,0.019913400307098258,1.8163044643368504,0.14964174410415343,12,24,17.32105128281589,50,50,2000,1.conv1,0,MNIST_ConvNet,exemplar,0.9749,0.8964,0.03137254901960784,0.03137254901960784,1,False
41,1.6116865920454266,4.3822428517086625,0.02597514244503262,1.8163044643368504,0.14964174410415343,12,24,17.32105128281589,50,50,2000,1.conv1,0,MNIST_ConvNet,exemplar,0.9749,0.8964,0.03137254901960784,0.03137254901960784,1,False
42,2.1182197718030116,4.537859244503892,0.0534005322798345,1.8163044643368504,0.14964174410415343,12,24,17.32105128281589,50,50,2000,1.conv1,0,MNIST_ConvNet,exemplar,0.9749,0.8964,0.03137254901960784,0.03137254901960784,1,False
43,1.4266778406751646,4.221041478901342,0.019650055582319515,1.8163044643368504,0.14964174410415343,12,24,17.32105128281589,50,50,2000,1.conv1,0,MNIST_ConvNet,exemplar,0.9749,0.8964,0.03137254901960784,0.03137254901960784,1,False
44,2.0661636229572693,4.2409800974587375,0.02067148735812789,1.8163044643368504,0.14964174410415343,12,24,17.32105128281589,50,50,2000,1.conv1,0,MNIST_ConvNet,exemplar,0.9749,0.8964,0.03137254901960784,0.03137254901960784,1,False
45,1.746483678117204,4.648953545820886,0.04892933477601291,1.8163044643368504,0.14964174410415343,12,24,17.32105128281589,50,50,2000,1.conv1,0,MNIST_ConvNet,exemplar,0.9749,0.8964,0.03137254901960784,0.03137254901960784,1,False
46,2.1062393066781295,4.1892967890562485,0.020108570678560735,1.8163044643368504,0.14964174410415343,12,24,17.32105128281589,50,50,2000,1.conv1,0,MNIST_ConvNet,exemplar,0.9749,0.8964,0.03137254901960784,0.03137254901960784,1,False
47,1.5718269532079499,4.225233426609725,0.03369224711214963,1.8163044643368504,0.14964174410415343,12,24,17.32105128281589,50,50,2000,1.conv1,0,MNIST_ConvNet,exemplar,0.9749,0.8964,0.03137254901960784,0.03137254901960784,1,False
48,1.638864924485648,4.615513830821056,0.07912909915016245,1.8163044643368504,0.14964174410415343,12,24,17.32105128281589,50,50,2000,1.conv1,0,MNIST_ConvNet,exemplar,0.9749,0.8964,0.03137254901960784,0.03137254901960784,1,False
49,1.9830943052096164,4.366863481362017,0.024816437332583093,1.8163044643368504,0.14964174410415343,12,24,17.32105128281589,50,50,2000,1.conv1,0,MNIST_ConvNet,exemplar,0.9749,0.8964,0.03137254901960784,0.03137254901960784,1,False
0,1.9289151178428918,4.500342868330344,0.06198359880565296,1.8163044643368504,0.14964174410415343,12,24,17.32105128281589,50,50,2000,2.norm,0,MNIST_ConvNet,exemplar,0.9749,0.8964,0.03137254901960784,0.03137254901960784,1,False
1,2.213976028889695,4.822813090371016,0.025609031490329233,1.8163044643368504,0.14964174410415343,12,24,17.32105128281589,50,50,2000,2.norm,0,MNIST_ConvNet,exemplar,0.9749,0.8964,0.03137254901960784,0.03137254901960784,1,False
2,1.7223189667659764,4.369213253007552,0.02398718468308356,1.8163044643368504,0.14964174410415343,12,24,17.32105128281589,50,50,2000,2.norm,0,MNIST_ConvNet,exemplar,0.9749,0.8964,0.03137254901960784,0.03137254901960784,1,False
3,1.4003794542139543,4.543488401922752,0.03566992655820187,1.8163044643368504,0.14964174410415343,12,24,17.32105128281589,50,50,2000,2.norm,0,MNIST_ConvNet,exemplar,0.9749,0.8964,0.03137254901960784,0.03137254901960784,1,False
4,2.1071634476105587,4.66986127297649,0.017059151309920473,1.8163044643368504,0.14964174410415343,12,24,17.32105128281589,50,50,2000,2.norm,0,MNIST_ConvNet,exemplar,0.9749,0.8964,0.03137254901960784,0.03137254901960784,1,False
5,2.765573607976845,4.040174313424697,0.035131146780327256,1.8163044643368504,0.14964174410415343,12,24,17.32105128281589,50,50,2000,2.norm,0,MNIST_ConvNet,exemplar,0.9749,0.8964,0.03137254901960784,0.03137254901960784,1,False
6,1.5714005236696769,4.210607485180862,0.03695576981970653,1.8163044643368504,0.14964174410415343,12,24,17.32105128281589,50,50,2000,2.norm,0,MNIST_ConvNet,exemplar,0.9749,0.8964,0.03137254901960784,0.03137254901960784,1,False
7,1.9509318086825447,4.496745720000446,0.015866021505511835,1.8163044643368504,0.14964174410415343,12,24,17.32105128281589,50,50,2000,2.norm,0,MNIST_ConvNet,exemplar,0.9749,0.8964,0.03137254901960784,0.03137254901960784,1,False
8,1.879497230511723,4.601209056062768,0.03764183114373858,1.8163044643368504,0.14964174410415343,12,24,17.32105128281589,50,50,2000,2.norm,0,MNIST_ConvNet,exemplar,0.9749,0.8964,0.03137254901960784,0.03137254901960784,1,False
9,2.1412300794014456,4.342397611212466,0.016255248511313686,1.8163044643368504,0.14964174410415343,12,24,17.32105128281589,50,50,2000,2.norm,0,MNIST_ConvNet,exemplar,0.9749,0.8964,0.03137254901960784,0.03137254901960784,1,False
10,2.0485133175519907,4.0923778448258075,0.02401020929685356,1.8163044643368504,0.14964174410415343,12,24,17.32105128281589,50,50,2000,2.norm,0,MNIST_ConvNet,exemplar,0.9749,0.8964,0.03137254901960784,0.03137254901960784,1,False
11,1.8561362277863438,4.808923236580734,0.0194209883405792,1.8163044643368504,0.14964174410415343,12,24,17.32105128281589,50,50,2000,2.norm,0,MNIST_ConvNet,exemplar,0.9749,0.8964,0.03137254901960784,0.03137254901960784,1,False
12,1.5637094740292747,4.330762822356878,0.028280958421315186,1.8163044643368504,0.14964174410415343,12,24,17.32105128281589,50,50,2000,2.norm,0,MNIST_ConvNet,exemplar,0.9749,0.8964,0.03137254901960784,0.03137254901960784,1,False
13,2.001048428979261,4.139366170595397,0.03187415003333815,1.8163044643368504,0.14964174410415343,12,24,17.32105128281589,50,50,2000,2.norm,0,MNIST_ConvNet,exemplar,0.9749,0.8964,0.03137254901960784,0.03137254901960784,1,False
14,1.664357518293504,3.99281948146852,0.03170457536343824,1.8163044643368504,0.14964174410415343,12,24,17.32105128281589,50,50,2000,2.norm,0,MNIST_ConvNet,exemplar,0.9749,0.8964,0.03137254901960784,0.03137254901960784,1,False
15,1.9291015720095037,4.5576132758329555,0.0453900763867485,1.8163044643368504,0.14964174410415343,12,24,17.32105128281589,50,50,2000,2.norm,0,MNIST_ConvNet,exemplar,0.9749,0.8964,0.03137254901960784,0.03137254901960784,1,False
16,1.8438038999270063,4.263189295086095,0.02631036693574673,1.8163044643368504,0.14964174410415343,12,24,17.32105128281589,50,50,2000,2.norm,0,MNIST_ConvNet,exemplar,0.9749,0.8964,0.03137254901960784,0.03137254901960784,1,False
17,1.637493801033393,3.9143229829100705,0.06961277669170954,1.8163044643368504,0.14964174410415343,12,24,17.32105128281589,50,50,2000,2.norm,0,MNIST_ConvNet,exemplar,0.9749,0.8964,0.03137254901960784,0.03137254901960784,1,False
18,1.928435252174613,4.717617015555989,0.02910963034586504,1.8163044643368504,0.14964174410415343,12,24,17.32105128281589,50,50,2000,2.norm,0,MNIST_ConvNet,exemplar,0.9749,0.8964,0.03137254901960784,0.03137254901960784,1,False
19,1.5483682490023445,4.395592405570482,0.022024342642880935,1.8163044643368504,0.14964174410415343,12,24,17.32105128281589,50,50,2000,2.norm,0,MNIST_ConvNet,exemplar,0.9749,0.8964,0.03137254901960784,0.03137254901960784,1,False
20,1.843949690054504,3.9848144894981266,0.0227990707153781,1.8163044643368504,0.14964174410415343,12,24,17.32105128281589,50,50,2000,2.norm,0,MNIST_ConvNet,exemplar,0.9749,0.8964,0.03137254901960784,0.03137254901960784,1,False
21,1.420731184092241,4.575955389384996,0.029456381602777238,1.8163044643368504,0.14964174410415343,12,24,17.32105128281589,50,50,2000,2.norm,0,MNIST_ConvNet,exemplar,0.9749,0.8964,0.03137254901960784,0.03137254901960784,1,False
22,1.4790458836265108,4.063744074300753,0.03608031455339065,1.8163044643368504,0.14964174410415343,12,24,17.32105128281589,50,50,2000,2.norm,0,MNIST_ConvNet,exemplar,0.9749,0.8964,0.03137254901960784,0.03137254901960784,1,False
23,1.8027788739989534,4.569597626174194,0.024877106503049577,1.8163044643368504,0.14964174410415343,12,24,17.32105128281589,50,50,2000,2.norm,0,MNIST_ConvNet,exemplar,0.9749,0.8964,0.03137254901960784,0.03137254901960784,1,False
24,1.7657783708397397,4.200787416213461,0.02087313236386195,1.8163044643368504,0.14964174410415343,12,24,17.32105128281589,50,50,2000,2.norm,0,MNIST_ConvNet,exemplar,0.9749,0.8964,0.03137254901960784,0.03137254901960784,1,False
25,1.3850412536808354,4.315899203626252,0.028228524028909383,1.8163044643368504,0.14964174410415343,12,24,17.32105128281589,50,50,2000,2.norm,0,MNIST_ConvNet,exemplar,0.9749,0.8964,0.03137254901960784,0.03137254901960784,1,False
26,1.791992343325588,3.618933229605692,0.042537343547109065,1.8163044643368504,0.14964174410415343,12,24,17.32105128281589,50,50,2000,2.norm,0,MNIST_ConvNet,exemplar,0.9749,0.8964,0.03137254901960784,0.03137254901960784,1,False
27,1.2681957254086937,4.378321462001993,0.11471765119472706,1.8163044643368504,0.14964174410415343,12,24,17.32105128281589,50,50,2000,2.norm,0,MNIST_ConvNet,exemplar,0.9749,0.8964,0.03137254901960784,0.03137254901960784,1,False
28,2.689526620958569,4.294683513284612,0.024940138050983045,1.8163044643368504,0.14964174410415343,12,24,17.32105128281589,50,50,2000,2.norm,0,MNIST_ConvNet,exemplar,0.9749,0.8964,0.03137254901960784,0.03137254901960784,1,False
29,2.01602435963953,4.548965829571926,0.03100285208203405,1.8163044643368504,0.14964174410415343,12,24,17.32105128281589,50,50,2000,2.norm,0,MNIST_ConvNet,exemplar,0.9749,0.8964,0.03137254901960784,0.03137254901960784,1,False
30,2.0197137023415164,4.370487088467004,0.02434725151457862,1.8163044643368504,0.14964174410415343,12,24,17.32105128281589,50,50,2000,2.norm,0,MNIST_ConvNet,exemplar,0.9749,0.8964,0.03137254901960784,0.03137254901960784,1,False
31,2.507366705244855,4.714520055687763,0.025400153507563174,1.8163044643368504,0.14964174410415343,12,24,17.32105128281589,50,50,2000,2.norm,0,MNIST_ConvNet,exemplar,0.9749,0.8964,0.03137254901960784,0.03137254901960784,1,False
32,2.590075202480028,4.550112137458678,0.0313494440716785,1.8163044643368504,0.14964174410415343,12,24,17.32105128281589,50,50,2000,2.norm,0,MNIST_ConvNet,exemplar,0.9749,0.8964,0.03137254901960784,0.03137254901960784,1,False
33,1.9924334778492123,4.670709338988135,0.029595413137157783,1.8163044643368504,0.14964174410415343,12,24,17.32105128281589,50,50,2000,2.norm,0,MNIST_ConvNet,exemplar,0.9749,0.8964,0.03137254901960784,0.03137254901960784,1,False
34,1.880766942513818,4.664188644496978,0.029388477558736522,1.8163044643368504,0.14964174410415343,12,24,17.32105128281589,50,50,2000,2.norm,0,MNIST_ConvNet,exemplar,0.9749,0.8964,0.03137254901960784,0.03137254901960784,1,False
35,1.456066131723234,4.409117424430395,0.028902971749587836,1.8163044643368504,0.14964174410415343,12,24,17.32105128281589,50,50,2000,2.norm,0,MNIST_ConvNet,exemplar,0.9749,0.8964,0.03137254901960784,0.03137254901960784,1,False
36,2.293790023881945,4.959112545155622,0.03507746781676539,1.8163044643368504,0.14964174410415343,12,24,17.32105128281589,50,50,2000,2.norm,0,MNIST_ConvNet,exemplar,0.9749,0.8964,0.03137254901960784,0.03137254901960784,1,False
37,2.4614395200912416,4.066976879529097,0.027109576631361678,1.8163044643368504,0.14964174410415343,12,24,17.32105128281589,50,50,2000,2.norm,0,MNIST_ConvNet,exemplar,0.9749,0.8964,0.03137254901960784,0.03137254901960784,1,False
38,1.9675636005845858,4.555066541901245,0.033483389412242645,1.8163044643368504,0.14964174410415343,12,24,17.32105128281589,50,50,2000,2.norm,0,MNIST_ConvNet,exemplar,0.9749,0.8964,0.03137254901960784,0.03137254901960784,1,False
39,1.294299480694685,4.204837664709147,0.03652864468090574,1.8163044643368504,0.14964174410415343,12,24,17.32105128281589,50,50,2000,2.norm,0,MNIST_ConvNet,exemplar,0.9749,0.8964,0.03137254901960784,0.03137254901960784,1,False
40,2.0083137494034875,4.522834361578724,0.019913400307098258,1.8163044643368504,0.14964174410415343,12,24,17.32105128281589,50,50,2000,2.norm,0,MNIST_ConvNet,exemplar,0.9749,0.8964,0.03137254901960784,0.03137254901960784,1,False
41,1.6116865920454266,4.3822428517086625,0.02597514244503262,1.8163044643368504,0.14964174410415343,12,24,17.32105128281589,50,50,2000,2.norm,0,MNIST_ConvNet,exemplar,0.9749,0.8964,0.03137254901960784,0.03137254901960784,1,False
42,2.1182197718030116,4.537859244503892,0.0534005322798345,1.8163044643368504,0.14964174410415343,12,24,17.32105128281589,50,50,2000,2.norm,0,MNIST_ConvNet,exemplar,0.9749,0.8964,0.03137254901960784,0.03137254901960784,1,False
43,1.4266778406751646,4.221041478901342,0.019650055582319515,1.8163044643368504,0.14964174410415343,12,24,17.32105128281589,50,50,2000,2.norm,0,MNIST_ConvNet,exemplar,0.9749,0.8964,0.03137254901960784,0.03137254901960784,1,False
44,2.0661636229572693,4.2409800974587375,0.02067148735812789,1.8163044643368504,0.14964174410415343,12,24,17.32105128281589,50,50,2000,2.norm,0,MNIST_ConvNet,exemplar,0.9749,0.8964,0.03137254901960784,0.03137254901960784,1,False
45,1.746483678117204,4.648953545820886,0.04892933477601291,1.8163044643368504,0.14964174410415343,12,24,17.32105128281589,50,50,2000,2.norm,0,MNIST_ConvNet,exemplar,0.9749,0.8964,0.03137254901960784,0.03137254901960784,1,False
46,2.1062393066781295,4.1892967890562485,0.020108570678560735,1.8163044643368504,0.14964174410415343,12,24,17.32105128281589,50,50,2000,2.norm,0,MNIST_ConvNet,exemplar,0.9749,0.8964,0.03137254901960784,0.03137254901960784,1,False
47,1.5718269532079499,4.225233426609725,0.03369224711214963,1.8163044643368504,0.14964174410415343,12,24,17.32105128281589,50,50,2000,2.norm,0,MNIST_ConvNet,exemplar,0.9749,0.8964,0.03137254901960784,0.03137254901960784,1,False
48,1.638864924485648,4.615513830821056,0.07912909915016245,1.8163044643368504,0.14964174410415343,12,24,17.32105128281589,50,50,2000,2.norm,0,MNIST_ConvNet,exemplar,0.9749,0.8964,0.03137254901960784,0.03137254901960784,1,False
49,1.9830943052096164,4.366863481362017,0.024816437332583093,1.8163044643368504,0.14964174410415343,12,24,17.32105128281589,50,50,2000,2.norm,0,MNIST_ConvNet,exemplar,0.9749,0.8964,0.03137254901960784,0.03137254901960784,1,False
0,2.081538501088957,4.8877468949505305,0.03765142534778125,1.8119755363975758,0.14684144312021682,10,27,17.934669494628906,50,50,2000,3.relu,0,MNIST_ConvNet,exemplar,0.9749,0.8964,0.03137254901960784,0.03137254901960784,1,False
1,1.9799508721462293,3.6755534516219233,0.023068089224369703,1.8119755363975758,0.14684144312021682,10,27,17.934669494628906,50,50,2000,3.relu,0,MNIST_ConvNet,exemplar,0.9749,0.8964,0.03137254901960784,0.03137254901960784,1,False
2,1.6225862173601584,4.401103637229017,0.019572430934519,1.8119755363975758,0.14684144312021682,10,27,17.934669494628906,50,50,2000,3.relu,0,MNIST_ConvNet,exemplar,0.9749,0.8964,0.03137254901960784,0.03137254901960784,1,False
3,1.7892344095417014,4.353558892740204,0.028994066207326478,1.8119755363975758,0.14684144312021682,10,27,17.934669494628906,50,50,2000,3.relu,0,MNIST_ConvNet,exemplar,0.9749,0.8964,0.03137254901960784,0.03137254901960784,1,False
4,2.5290570332118283,4.025888022497534,0.018372100912729644,1.8119755363975758,0.14684144312021682,10,27,17.934669494628906,50,50,2000,3.relu,0,MNIST_ConvNet,exemplar,0.9749,0.8964,0.03137254901960784,0.03137254901960784,1,False
5,1.5554608191344383,3.3707382694193924,0.042026549487161814,1.8119755363975758,0.14684144312021682,10,27,17.934669494628906,50,50,2000,3.relu,0,MNIST_ConvNet,exemplar,0.9749,0.8964,0.03137254901960784,0.03137254901960784,1,False
6,1.983350018316395,3.8675219919248645,0.032230706050319934,1.8119755363975758,0.14684144312021682,10,27,17.934669494628906,50,50,2000,3.relu,0,MNIST_ConvNet,exemplar,0.9749,0.8964,0.03137254901960784,0.03137254901960784,1,False
7,2.6323737436069305,4.708773451977555,0.01830761631430275,1.8119755363975758,0.14684144312021682,10,27,17.934669494628906,50,50,2000,3.relu,0,MNIST_ConvNet,exemplar,0.9749,0.8964,0.03137254901960784,0.03137254901960784,1,False
8,2.0091376691462983,3.8912539297579185,0.04429774144026572,1.8119755363975758,0.14684144312021682,10,27,17.934669494628906,50,50,2000,3.relu,0,MNIST_ConvNet,exemplar,0.9749,0.8964,0.03137254901960784,0.03137254901960784,1,False
9,1.3132458727430893,3.997145705650836,0.016522436174004954,1.8119755363975758,0.14684144312021682,10,27,17.934669494628906,50,50,2000,3.relu,0,MNIST_ConvNet,exemplar,0.9749,0.8964,0.03137254901960784,0.03137254901960784,1,False
10,1.7984717221432551,4.333353301080233,0.017255151108307245,1.8119755363975758,0.14684144312021682,10,27,17.934669494628906,50,50,2000,3.relu,0,MNIST_ConvNet,exemplar,0.9749,0.8964,0.03137254901960784,0.03137254901960784,1,False
11,2.388767627841496,4.3876633606485775,0.014327563021913873,1.8119755363975758,0.14684144312021682,10,27,17.934669494628906,50,50,2000,3.relu,0,MNIST_ConvNet,exemplar,0.9749,0.8964,0.03137254901960784,0.03137254901960784,1,False
12,1.828390341684079,3.790120478348867,0.029352227912203818,1.8119755363975758,0.14684144312021682,10,27,17.934669494628906,50,50,2000,3.relu,0,MNIST_ConvNet,exemplar,0.9749,0.8964,0.03137254901960784,0.03137254901960784,1,False
13,1.6374769884713887,3.819581009717078,0.03691432435227865,1.8119755363975758,0.14684144312021682,10,27,17.934669494628906,50,50,2000,3.relu,0,MNIST_ConvNet,exemplar,0.9749,0.8964,0.03137254901960784,0.03137254901960784,1,False
14,2.5186309465888925,3.7538592506266872,0.02002449669956115,1.8119755363975758,0.14684144312021682,10,27,17.934669494628906,50,50,2000,3.relu,0,MNIST_ConvNet,exemplar,0.9749,0.8964,0.03137254901960784,0.03137254901960784,1,False
15,2.251680648912891,3.7901742808295924,0.038033072308156154,1.8119755363975758,0.14684144312021682,10,27,17.934669494628906,50,50,2000,3.relu,0,MNIST_ConvNet,exemplar,0.9749,0.8964,0.03137254901960784,0.03137254901960784,1,False
16,1.7706896749926593,4.09116457106912,0.019271606741819186,1.8119755363975758,0.14684144312021682,10,27,17.934669494628906,50,50,2000,3.relu,0,MNIST_ConvNet,exemplar,0.9749,0.8964,0.03137254901960784,0.03137254901960784,1,False
17,1.3547751812951734,3.8665680230830244,0.03038016335022563,1.8119755363975758,0.14684144312021682,10,27,17.934669494628906,50,50,2000,3.relu,0,MNIST_ConvNet,exemplar,0.9749,0.8964,0.03137254901960784,0.03137254901960784,1,False
18,1.5591429232992868,3.4904548987670663,0.044116334799276416,1.8119755363975758,0.14684144312021682,10,27,17.934669494628906,50,50,2000,3.relu,0,MNIST_ConvNet,exemplar,0.9749,0.8964,0.03137254901960784,0.03137254901960784,1,False
19,1.6221672104013396,3.489427655892817,0.03213444774397422,1.8119755363975758,0.14684144312021682,10,27,17.934669494628906,50,50,2000,3.relu,0,MNIST_ConvNet,exemplar,0.9749,0.8964,0.03137254901960784,0.03137254901960784,1,False
20,1.950073963278377,3.151959713111454,0.02751602485845877,1.8119755363975758,0.14684144312021682,10,27,17.934669494628906,50,50,2000,3.relu,0,MNIST_ConvNet,exemplar,0.9749,0.8964,0.03137254901960784,0.03137254901960784,1,False
21,2.113738414513894,3.9723578464189355,0.021953080654349994,1.8119755363975758,0.14684144312021682,10,27,17.934669494628906,50,50,2000,3.relu,0,MNIST_ConvNet,exemplar,0.9749,0.8964,0.03137254901960784,0.03137254901960784,1,False
22,1.7396238930283117,4.194676928341859,0.029900654254107137,1.8119755363975758,0.14684144312021682,10,27,17.934669494628906,50,50,2000,3.relu,0,MNIST_ConvNet,exemplar,0.9749,0.8964,0.03137254901960784,0.03137254901960784,1,False
23,1.741607971210013,4.0280068229883605,0.038810643364628784,1.8119755363975758,0.14684144312021682,10,27,17.934669494628906,50,50,2000,3.relu,0,MNIST_ConvNet,exemplar,0.9749,0.8964,0.03137254901960784,0.03137254901960784,1,False
24,1.4662084102777875,4.56440736485443,0.022265658732694427,1.8119755363975758,0.14684144312021682,10,27,17.934669494628906,50,50,2000,3.relu,0,MNIST_ConvNet,exemplar,0.9749,0.8964,0.03137254901960784,0.03137254901960784,1,False
25,1.758527312702738,4.077825966758934,0.033855195697657235,1.8119755363975758,0.14684144312021682,10,27,17.934669494628906,50,50,2000,3.relu,0,MNIST_ConvNet,exemplar,0.9749,0.8964,0.03137254901960784,0.03137254901960784,1,False
26,1.3985035545463322,3.5548077088566354,0.03540157688827074,1.8119755363975758,0.14684144312021682,10,27,17.934669494628906,50,50,2000,3.relu,0,MNIST_ConvNet,exemplar,0.9749,0.8964,0.03137254901960784,0.03137254901960784,1,False
27,1.1450282946247199,4.72904801598027,0.07440705321558101,1.8119755363975758,0.14684144312021682,10,27,17.934669494628906,50,50,2000,3.relu,0,MNIST_ConvNet,exemplar,0.9749,0.8964,0.03137254901960784,0.03137254901960784,1,False
28,2.0652276761298696,4.39006407829722,0.01958896245318458,1.8119755363975758,0.14684144312021682,10,27,17.934669494628906,50,50,2000,3.relu,0,MNIST_ConvNet,exemplar,0.9749,0.8964,0.03137254901960784,0.03137254901960784,1,False
29,1.9054675135932437,4.031110617635606,0.02594511494546666,1.8119755363975758,0.14684144312021682,10,27,17.934669494628906,50,50,2000,3.relu,0,MNIST_ConvNet,exemplar,0.9749,0.8964,0.03137254901960784,0.03137254901960784,1,False
30,2.3207807268080094,3.1128255220721077,0.04008610898113842,1.8119755363975758,0.14684144312021682,10,27,17.934669494628906,50,50,2000,3.relu,0,MNIST_ConvNet,exemplar,0.9749,0.8964,0.03137254901960784,0.03137254901960784,1,False
31,1.925540403695434,4.109914592316836,0.023962735345773818,1.8119755363975758,0.14684144312021682,10,27,17.934669494628906,50,50,2000,3.relu,0,MNIST_ConvNet,exemplar,0.9749,0.8964,0.03137254901960784,0.03137254901960784,1,False
32,1.7187898128608576,3.9955468482343464,0.044965617969809864,1.8119755363975758,0.14684144312021682,10,27,17.934669494628906,50,50,2000,3.relu,0,MNIST_ConvNet,exemplar,0.9749,0.8964,0.03137254901960784,0.03137254901960784,1,False
33,1.8999222798531783,3.8414370592434786,0.03962740466963778,1.8119755363975758,0.14684144312021682,10,27,17.934669494628906,50,50,2000,3.relu,0,MNIST_ConvNet,exemplar,0.9749,0.8964,0.03137254901960784,0.03137254901960784,1,False
34,1.9755116701177993,3.9115459590970723,0.03363306326157511,1.8119755363975758,0.14684144312021682,10,27,17.934669494628906,50,50,2000,3.relu,0,MNIST_ConvNet,exemplar,0.9749,0.8964,0.03137254901960784,0.03137254901960784,1,False
35,1.8989808879144967,3.3574242565525645,0.029148345045187138,1.8119755363975758,0.14684144312021682,10,27,17.934669494628906,50,50,2000,3.relu,0,MNIST_ConvNet,exemplar,0.9749,0.8964,0.03137254901960784,0.03137254901960784,1,False
36,1.6176111570255283,4.103868006539468,0.025616581083502874,1.8119755363975758,0.14684144312021682,10,27,17.934669494628906,50,50,2000,3.relu,0,MNIST_ConvNet,exemplar,0.9749,0.8964,0.03137254901960784,0.03137254901960784,1,False
37,1.6210520511651194,3.8025200670217787,0.032417895201896516,1.8119755363975758,0.14684144312021682,10,27,17.934669494628906,50,50,2000,3.relu,0,MNIST_ConvNet,exemplar,0.9749,0.8964,0.03137254901960784,0.03137254901960784,1,False
38,1.695699154319019,3.8329493335869236,0.03237043303305477,1.8119755363975758,0.14684144312021682,10,27,17.934669494628906,50,50,2000,3.relu,0,MNIST_ConvNet,exemplar,0.9749,0.8964,0.03137254901960784,0.03137254901960784,1,False
39,1.7753058633204286,3.8785240592521064,0.030960250607869343,1.8119755363975758,0.14684144312021682,10,27,17.934669494628906,50,50,2000,3.relu,0,MNIST_ConvNet,exemplar,0.9749,0.8964,0.03137254901960784,0.03137254901960784,1,False
40,2.1729447621766598,3.552782414039847,0.022411941135788385,1.8119755363975758,0.14684144312021682,10,27,17.934669494628906,50,50,2000,3.relu,0,MNIST_ConvNet,exemplar,0.9749,0.8964,0.03137254901960784,0.03137254901960784,1,False
41,2.054009994811375,4.062183319038124,0.02662109509904526,1.8119755363975758,0.14684144312021682,10,27,17.934669494628906,50,50,2000,3.relu,0,MNIST_ConvNet,exemplar,0.9749,0.8964,0.03137254901960784,0.03137254901960784,1,False
42,1.3598937035800793,3.4416278210186855,0.09741831809858056,1.8119755363975758,0.14684144312021682,10,27,17.934669494628906,50,50,2000,3.relu,0,MNIST_ConvNet,exemplar,0.9749,0.8964,0.03137254901960784,0.03137254901960784,1,False
43,1.9767642289381002,3.9718283360100934,0.022558175514008398,1.8119755363975758,0.14684144312021682,10,27,17.934669494628906,50,50,2000,3.relu,0,MNIST_ConvNet,exemplar,0.9749,0.8964,0.03137254901960784,0.03137254901960784,1,False
44,2.651842131769403,3.825710481317055,0.020320729105786202,1.8119755363975758,0.14684144312021682,10,27,17.934669494628906,50,50,2000,3.relu,0,MNIST_ConvNet,exemplar,0.9749,0.8964,0.03137254901960784,0.03137254901960784,1,False
45,1.34578874125614,4.122984989675514,0.025033166424113136,1.8119755363975758,0.14684144312021682,10,27,17.934669494628906,50,50,2000,3.relu,0,MNIST_ConvNet,exemplar,0.9749,0.8964,0.03137254901960784,0.03137254901960784,1,False
46,1.9757952156289436,3.781028931774021,0.025519466275808627,1.8119755363975758,0.14684144312021682,10,27,17.934669494628906,50,50,2000,3.relu,0,MNIST_ConvNet,exemplar,0.9749,0.8964,0.03137254901960784,0.03137254901960784,1,False
47,2.1524919968301113,4.051142150330929,0.04893992101932089,1.8119755363975758,0.14684144312021682,10,27,17.934669494628906,50,50,2000,3.relu,0,MNIST_ConvNet,exemplar,0.9749,0.8964,0.03137254901960784,0.03137254901960784,1,False
48,2.225067710312748,4.454015114675992,0.032612885714437864,1.8119755363975758,0.14684144312021682,10,27,17.934669494628906,50,50,2000,3.relu,0,MNIST_ConvNet,exemplar,0.9749,0.8964,0.03137254901960784,0.03137254901960784,1,False
49,1.8976978926937873,3.760626909842519,0.02648531772591035,1.8119755363975758,0.14684144312021682,10,27,17.934669494628906,50,50,2000,3.relu,0,MNIST_ConvNet,exemplar,0.9749,0.8964,0.03137254901960784,0.03137254901960784,1,False
0,1.3825854111782758,4.548377267282227,0.042353571320589006,1.8420034444430617,0.17672829141422194,13,22,14.14495849609375,50,50,2000,4.conv2,0,MNIST_ConvNet,exemplar,0.9749,0.8964,0.03137254901960784,0.03137254901960784,1,False
1,1.6104895284549197,3.8439540030682555,0.019528868887365557,1.8420034444430617,0.17672829141422194,13,22,14.14495849609375,50,50,2000,4.conv2,0,MNIST_ConvNet,exemplar,0.9749,0.8964,0.03137254901960784,0.03137254901960784,1,False
2,2.155223368690311,4.622531280629749,0.021660122522295672,1.8420034444430617,0.17672829141422194,13,22,14.14495849609375,50,50,2000,4.conv2,0,MNIST_ConvNet,exemplar,0.9749,0.8964,0.03137254901960784,0.03137254901960784,1,False
3,2.735113107065723,4.143870936846558,0.035151594494369075,1.8420034444430617,0.17672829141422194,13,22,14.14495849609375,50,50,2000,4.conv2,0,MNIST_ConvNet,exemplar,0.9749,0.8964,0.03137254901960784,0.03137254901960784,1,False
4,1.9519150704749726,4.519033274307107,0.017091921695744375,1.8420034444430617,0.17672829141422194,13,22,14.14495849609375,50,50,2000,4.conv2,0,MNIST_ConvNet,exemplar,0.9749,0.8964,0.03137254901960784,0.03137254901960784,1,False
5,1.7921392417462056,3.262284595810965,0.03611495247196251,1.8420034444430617,0.17672829141422194,13,22,14.14495849609375,50,50,2000,4.conv2,0,MNIST_ConvNet,exemplar,0.9749,0.8964,0.03137254901960784,0.03137254901960784,1,False
6,2.561759162288099,3.6517129599582754,0.03666976751441404,1.8420034444430617,0.17672829141422194,13,22,14.14495849609375,50,50,2000,4.conv2,0,MNIST_ConvNet,exemplar,0.9749,0.8964,0.03137254901960784,0.03137254901960784,1,False
7,1.9138625095853532,4.276940549569935,0.026764021974070195,1.8420034444430617,0.17672829141422194,13,22,14.14495849609375,50,50,2000,4.conv2,0,MNIST_ConvNet,exemplar,0.9749,0.8964,0.03137254901960784,0.03137254901960784,1,False
8,2.011289797433914,4.659786329133676,0.06279403832294592,1.8420034444430617,0.17672829141422194,13,22,14.14495849609375,50,50,2000,4.conv2,0,MNIST_ConvNet,exemplar,0.9749,0.8964,0.03137254901960784,0.03137254901960784,1,False
9,1.321682346229083,3.8672736660329243,0.018499212915885594,1.8420034444430617,0.17672829141422194,13,22,14.14495849609375,50,50,2000,4.conv2,0,MNIST_ConvNet,exemplar,0.9749,0.8964,0.03137254901960784,0.03137254901960784,1,False
10,2.061612216935165,4.072062954900001,0.02233493814534257,1.8420034444430617,0.17672829141422194,13,22,14.14495849609375,50,50,2000,4.conv2,0,MNIST_ConvNet,exemplar,0.9749,0.8964,0.03137254901960784,0.03137254901960784,1,False
11,2.2802903295005623,4.524578962841586,0.016507195329098293,1.8420034444430617,0.17672829141422194,13,22,14.14495849609375,50,50,2000,4.conv2,0,MNIST_ConvNet,exemplar,0.9749,0.8964,0.03137254901960784,0.03137254901960784,1,False
12,2.3501826457592387,3.963603014726833,0.029295084111739447,1.8420034444430617,0.17672829141422194,13,22,14.14495849609375,50,50,2000,4.conv2,0,MNIST_ConvNet,exemplar,0.9749,0.8964,0.03137254901960784,0.03137254901960784,1,False
13,1.527859073547127,3.4571704625912067,0.050459989602420104,1.8420034444430617,0.17672829141422194,13,22,14.14495849609375,50,50,2000,4.conv2,0,MNIST_ConvNet,exemplar,0.9749,0.8964,0.03137254901960784,0.03137254901960784,1,False
14,2.786311853314083,3.653683148997381,0.022650705407620684,1.8420034444430617,0.17672829141422194,13,22,14.14495849609375,50,50,2000,4.conv2,0,MNIST_ConvNet,exemplar,0.9749,0.8964,0.03137254901960784,0.03137254901960784,1,False
15,1.9037021327024435,3.866110657050476,0.03780678908158819,1.8420034444430617,0.17672829141422194,13,22,14.14495849609375,50,50,2000,4.conv2,0,MNIST_ConvNet,exemplar,0.9749,0.8964,0.03137254901960784,0.03137254901960784,1,False
16,2.3773180359931754,4.312088750432992,0.03685984144539875,1.8420034444430617,0.17672829141422194,13,22,14.14495849609375,50,50,2000,4.conv2,0,MNIST_ConvNet,exemplar,0.9749,0.8964,0.03137254901960784,0.03137254901960784,1,False
17,1.8835566226670193,4.201443854468176,0.026886073453787622,1.8420034444430617,0.17672829141422194,13,22,14.14495849609375,50,50,2000,4.conv2,0,MNIST_ConvNet,exemplar,0.9749,0.8964,0.03137254901960784,0.03137254901960784,1,False
18,1.570252767594882,4.024852744792249,0.045972029286273655,1.8420034444430617,0.17672829141422194,13,22,14.14495849609375,50,50,2000,4.conv2,0,MNIST_ConvNet,exemplar,0.9749,0.8964,0.03137254901960784,0.03137254901960784,1,False
19,2.1443444311051683,3.8462027006202533,0.02335263320706237,1.8420034444430617,0.17672829141422194,13,22,14.14495849609375,50,50,2000,4.conv2,0,MNIST_ConvNet,exemplar,0.9749,0.8964,0.03137254901960784,0.03137254901960784,1,False
20,2.2216462373393973,3.5378956229696246,0.027758040149372012,1.8420034444430617,0.17672829141422194,13,22,14.14495849609375,50,50,2000,4.conv2,0,MNIST_ConvNet,exemplar,0.9749,0.8964,0.03137254901960784,0.03137254901960784,1,False
21,3.288768495889392,3.9938942905574275,0.05432932447492449,1.8420034444430617,0.17672829141422194,13,22,14.14495849609375,50,50,2000,4.conv2,0,MNIST_ConvNet,exemplar,0.9749,0.8964,0.03137254901960784,0.03137254901960784,1,False
22,1.7966454099332856,4.118810174143568,0.029638879085078822,1.8420034444430617,0.17672829141422194,13,22,14.14495849609375,50,50,2000,4.conv2,0,MNIST_ConvNet,exemplar,0.9749,0.8964,0.03137254901960784,0.03137254901960784,1,False
23,2.101134159728217,4.235441195742086,0.030968520568118368,1.8420034444430617,0.17672829141422194,13,22,14.14495849609375,50,50,2000,4.conv2,0,MNIST_ConvNet,exemplar,0.9749,0.8964,0.03137254901960784,0.03137254901960784,1,False
24,1.8469181451092376,4.181819751068984,0.02211194376202633,1.8420034444430617,0.17672829141422194,13,22,14.14495849609375,50,50,2000,4.conv2,0,MNIST_ConvNet,exemplar,0.9749,0.8964,0.03137254901960784,0.03137254901960784,1,False
25,1.8088986357300412,3.8708085652030393,0.0370493653775665,1.8420034444430617,0.17672829141422194,13,22,14.14495849609375,50,50,2000,4.conv2,0,MNIST_ConvNet,exemplar,0.9749,0.8964,0.03137254901960784,0.03137254901960784,1,False
26,1.5465365553398855,3.020968170986969,0.044701990580032706,1.8420034444430617,0.17672829141422194,13,22,14.14495849609375,50,50,2000,4.conv2,0,MNIST_ConvNet,exemplar,0.9749,0.8964,0.03137254901960784,0.03137254901960784,1,False
27,1.1371510956676012,3.7800837017936564,0.06306616003820709,1.8420034444430617,0.17672829141422194,13,22,14.14495849609375,50,50,2000,4.conv2,0,MNIST_ConvNet,exemplar,0.9749,0.8964,0.03137254901960784,0.03137254901960784,1,False
28,1.7210618089760263,4.145992271115602,0.02218821590237312,1.8420034444430617,0.17672829141422194,13,22,14.14495849609375,50,50,2000,4.conv2,0,MNIST_ConvNet,exemplar,0.9749,0.8964,0.03137254901960784,0.03137254901960784,1,False
29,2.258855368420991,4.2750752294555,0.026450627676815292,1.8420034444430617,0.17672829141422194,13,22,14.14495849609375,50,50,2000,4.conv2,0,MNIST_ConvNet,exemplar,0.9749,0.8964,0.03137254901960784,0.03137254901960784,1,False
30,2.0085647925156302,3.121757299633466,0.03358594049958915,1.8420034444430617,0.17672829141422194,13,22,14.14495849609375,50,50,2000,4.conv2,0,MNIST_ConvNet,exemplar,0.9749,0.8964,0.03137254901960784,0.03137254901960784,1,False
31,2.0354133798964957,4.4808304904853955,0.026721736260713294,1.8420034444430617,0.17672829141422194,13,22,14.14495849609375,50,50,2000,4.conv2,0,MNIST_ConvNet,exemplar,0.9749,0.8964,0.03137254901960784,0.03137254901960784,1,False
32,1.273489073018108,4.1436533758790794,0.03355502047807085,1.8420034444430617,0.17672829141422194,13,22,14.14495849609375,50,50,2000,4.conv2,0,MNIST_ConvNet,exemplar,0.9749,0.8964,0.03137254901960784,0.03137254901960784,1,False
33,1.695552355996875,4.166068848576691,0.045512135583416935,1.8420034444430617,0.17672829141422194,13,22,14.14495849609375,50,50,2000,4.conv2,0,MNIST_ConvNet,exemplar,0.9749,0.8964,0.03137254901960784,0.03137254901960784,1,False
34,1.6540891734798597,4.2870123385687045,0.036799782259739455,1.8420034444430617,0.17672829141422194,13,22,14.14495849609375,50,50,2000,4.conv2,0,MNIST_ConvNet,exemplar,0.9749,0.8964,0.03137254901960784,0.03137254901960784,1,False
35,2.0556304522652757,3.766465661064415,0.02836421499471909,1.8420034444430617,0.17672829141422194,13,22,14.14495849609375,50,50,2000,4.conv2,0,MNIST_ConvNet,exemplar,0.9749,0.8964,0.03137254901960784,0.03137254901960784,1,False
36,2.304757884643887,3.9764578136774515,0.02297761731835318,1.8420034444430617,0.17672829141422194,13,22,14.14495849609375,50,50,2000,4.conv2,0,MNIST_ConvNet,exemplar,0.9749,0.8964,0.03137254901960784,0.03137254901960784,1,False
37,2.2868086500607516,4.03162355406665,0.029233121250787007,1.8420034444430617,0.17672829141422194,13,22,14.14495849609375,50,50,2000,4.conv2,0,MNIST_ConvNet,exemplar,0.9749,0.8964,0.03137254901960784,0.03137254901960784,1,False
38,2.063600854806573,4.193617327050387,0.025794172892445264,1.8420034444430617,0.17672829141422194,13,22,14.14495849609375,50,50,2000,4.conv2,0,MNIST_ConvNet,exemplar,0.9749,0.8964,0.03137254901960784,0.03137254901960784,1,False
39,1.71974864327396,4.248057050699786,0.027372039439939065,1.8420034444430617,0.17672829141422194,13,22,14.14495849609375,50,50,2000,4.conv2,0,MNIST_ConvNet,exemplar,0.9749,0.8964,0.03137254901960784,0.03137254901960784,1,False
40,1.4712019507124003,3.699248674918422,0.0210925269275541,1.8420034444430617,0.17672829141422194,13,22,14.14495849609375,50,50,2000,4.conv2,0,MNIST_ConvNet,exemplar,0.9749,0.8964,0.03137254901960784,0.03137254901960784,1,False
41,2.066926241495596,4.7985346667637865,0.022945464692862398,1.8420034444430617,0.17672829141422194,13,22,14.14495849609375,50,50,2000,4.conv2,0,MNIST_ConvNet,exemplar,0.9749,0.8964,0.03137254901960784,0.03137254901960784,1,False
42,1.464478735278699,4.081495091372801,0.0897984113980077,1.8420034444430617,0.17672829141422194,13,22,14.14495849609375,50,50,2000,4.conv2,0,MNIST_ConvNet,exemplar,0.9749,0.8964,0.03137254901960784,0.03137254901960784,1,False
43,2.2343350430281137,3.7128724050281634,0.021527554297211197,1.8420034444430617,0.17672829141422194,13,22,14.14495849609375,50,50,2000,4.conv2,0,MNIST_ConvNet,exemplar,0.9749,0.8964,0.03137254901960784,0.03137254901960784,1,False
44,2.0841718259544604,4.1478951167214815,0.02201775257471969,1.8420034444430617,0.17672829141422194,13,22,14.14495849609375,50,50,2000,4.conv2,0,MNIST_ConvNet,exemplar,0.9749,0.8964,0.03137254901960784,0.03137254901960784,1,False
45,1.7590040722167621,4.162971373512098,0.0312945617345228,1.8420034444430617,0.17672829141422194,13,22,14.14495849609375,50,50,2000,4.conv2,0,MNIST_ConvNet,exemplar,0.9749,0.8964,0.03137254901960784,0.03137254901960784,1,False
46,1.834618697896501,3.7927458979759474,0.022658183545820876,1.8420034444430617,0.17672829141422194,13,22,14.14495849609375,50,50,2000,4.conv2,0,MNIST_ConvNet,exemplar,0.9749,0.8964,0.03137254901960784,0.03137254901960784,1,False
47,1.8124432833937125,3.3572888416833266,0.04673455669529436,1.8420034444430617,0.17672829141422194,13,22,14.14495849609375,50,50,2000,4.conv2,0,MNIST_ConvNet,exemplar,0.9749,0.8964,0.03137254901960784,0.03137254901960784,1,False
48,1.139284146836417,4.764085643327656,0.05111218550058671,1.8420034444430617,0.17672829141422194,13,22,14.14495849609375,50,50,2000,4.conv2,0,MNIST_ConvNet,exemplar,0.9749,0.8964,0.03137254901960784,0.03137254901960784,1,False
49,1.535946448515281,4.040260392788945,0.022314210198822793,1.8420034444430617,0.17672829141422194,13,22,14.14495849609375,50,50,2000,4.conv2,0,MNIST_ConvNet,exemplar,0.9749,0.8964,0.03137254901960784,0.03137254901960784,1,False
0,2.0644869165762945,4.684530568547281,0.04587197531072166,1.763944093056287,0.17672829141422194,12,22,14.14495849609375,50,50,2000,5.norm,0,MNIST_ConvNet,exemplar,0.9749,0.8964,0.03137254901960784,0.03137254901960784,1,False
1,1.9816365241198064,3.900331391842572,0.019982544714953646,1.763944093056287,0.17672829141422194,12,22,14.14495849609375,50,50,2000,5.norm,0,MNIST_ConvNet,exemplar,0.9749,0.8964,0.03137254901960784,0.03137254901960784,1,False
2,1.532950221965214,4.401168538587764,0.022068010727820768,1.763944093056287,0.17672829141422194,12,22,14.14495849609375,50,50,2000,5.norm,0,MNIST_ConvNet,exemplar,0.9749,0.8964,0.03137254901960784,0.03137254901960784,1,False
3,1.6975892944424837,4.6469422724956555,0.03344974550550746,1.763944093056287,0.17672829141422194,12,22,14.14495849609375,50,50,2000,5.norm,0,MNIST_ConvNet,exemplar,0.9749,0.8964,0.03137254901960784,0.03137254901960784,1,False
4,1.9514226028824784,3.9123166043635993,0.016833396377485658,1.763944093056287,0.17672829141422194,12,22,14.14495849609375,50,50,2000,5.norm,0,MNIST_ConvNet,exemplar,0.9749,0.8964,0.03137254901960784,0.03137254901960784,1,False
5,2.1692444779900675,3.6568911308819203,0.03714501003067723,1.763944093056287,0.17672829141422194,12,22,14.14495849609375,50,50,2000,5.norm,0,MNIST_ConvNet,exemplar,0.9749,0.8964,0.03137254901960784,0.03137254901960784,1,False
6,1.9645530915208522,3.8192472026224435,0.03574097377185772,1.763944093056287,0.17672829141422194,12,22,14.14495849609375,50,50,2000,5.norm,0,MNIST_ConvNet,exemplar,0.9749,0.8964,0.03137254901960784,0.03137254901960784,1,False
7,1.3171229527285582,4.14237786367155,0.028496925554871214,1.763944093056287,0.17672829141422194,12,22,14.14495849609375,50,50,2000,5.norm,0,MNIST_ConvNet,exemplar,0.9749,0.8964,0.03137254901960784,0.03137254901960784,1,False
8,2.0364671887191226,4.3048615498525145,0.04427166048051292,1.763944093056287,0.17672829141422194,12,22,14.14495849609375,50,50,2000,5.norm,0,MNIST_ConvNet,exemplar,0.9749,0.8964,0.03137254901960784,0.03137254901960784,1,False
9,1.4406045186490493,3.7822957365436007,0.022683215489310276,1.763944093056287,0.17672829141422194,12,22,14.14495849609375,50,50,2000,5.norm,0,MNIST_ConvNet,exemplar,0.9749,0.8964,0.03137254901960784,0.03137254901960784,1,False
10,2.163189883109344,4.496489172852685,0.026220639993749358,1.763944093056287,0.17672829141422194,12,22,14.14495849609375,50,50,2000,5.norm,0,MNIST_ConvNet,exemplar,0.9749,0.8964,0.03137254901960784,0.03137254901960784,1,False
11,2.3067140901242937,4.630319078026777,0.016039807872909203,1.763944093056287,0.17672829141422194,12,22,14.14495849609375,50,50,2000,5.norm,0,MNIST_ConvNet,exemplar,0.9749,0.8964,0.03137254901960784,0.03137254901960784,1,False
12,1.3409455007808018,3.8485797816062393,0.030088522469797114,1.763944093056287,0.17672829141422194,12,22,14.14495849609375,50,50,2000,5.norm,0,MNIST_ConvNet,exemplar,0.9749,0.8964,0.03137254901960784,0.03137254901960784,1,False
13,1.8400165341706334,3.645003232845901,0.05058641249937197,1.763944093056287,0.17672829141422194,12,22,14.14495849609375,50,50,2000,5.norm,0,MNIST_ConvNet,exemplar,0.9749,0.8964,0.03137254901960784,0.03137254901960784,1,False
14,1.3421524806237888,3.705293423858666,0.024287848469419535,1.763944093056287,0.17672829141422194,12,22,14.14495849609375,50,50,2000,5.norm,0,MNIST_ConvNet,exemplar,0.9749,0.8964,0.03137254901960784,0.03137254901960784,1,False
15,1.6355045681276574,4.216575768520943,0.03635609809066031,1.763944093056287,0.17672829141422194,12,22,14.14495849609375,50,50,2000,5.norm,0,MNIST_ConvNet,exemplar,0.9749,0.8964,0.03137254901960784,0.03137254901960784,1,False
16,1.349185455656053,4.029446731465913,0.02097401865561198,1.763944093056287,0.17672829141422194,12,22,14.14495849609375,50,50,2000,5.norm,0,MNIST_ConvNet,exemplar,0.9749,0.8964,0.03137254901960784,0.03137254901960784,1,False
17,2.1914265881443256,3.9156767078244124,0.03001956575377086,1.763944093056287,0.17672829141422194,12,22,14.14495849609375,50,50,2000,5.norm,0,MNIST_ConvNet,exemplar,0.9749,0.8964,0.03137254901960784,0.03137254901960784,1,False
18,1.8898357559944365,4.101631203612843,0.03890692124714895,1.763944093056287,0.17672829141422194,12,22,14.14495849609375,50,50,2000,5.norm,0,MNIST_ConvNet,exemplar,0.9749,0.8964,0.03137254901960784,0.03137254901960784,1,False
19,1.5457045323218903,3.6674974337659023,0.02413794706786416,1.763944093056287,0.17672829141422194,12,22,14.14495849609375,50,50,2000,5.norm,0,MNIST_ConvNet,exemplar,0.9749,0.8964,0.03137254901960784,0.03137254901960784,1,False
20,2.7441898798675424,3.3881343360026843,0.02755942679306732,1.763944093056287,0.17672829141422194,12,22,14.14495849609375,50,50,2000,5.norm,0,MNIST_ConvNet,exemplar,0.9749,0.8964,0.03137254901960784,0.03137254901960784,1,False
21,1.63903683951813,3.840236170473499,0.028095345602307628,1.763944093056287,0.17672829141422194,12,22,14.14495849609375,50,50,2000,5.norm,0,MNIST_ConvNet,exemplar,0.9749,0.8964,0.03137254901960784,0.03137254901960784,1,False
22,1.50923136567623,4.117358025498384,0.029093806735051495,1.763944093056287,0.17672829141422194,12,22,14.14495849609375,50,50,2000,5.norm,0,MNIST_ConvNet,exemplar,0.9749,0.8964,0.03137254901960784,0.03137254901960784,1,False
23,1.8204284575683907,4.557502890558665,0.031079811631299064,1.763944093056287,0.17672829141422194,12,22,14.14495849609375,50,50,2000,5.norm,0,MNIST_ConvNet,exemplar,0.9749,0.8964,0.03137254901960784,0.03137254901960784,1,False
24,1.5796416009591088,4.352594220536246,0.021030531373729677,1.763944093056287,0.17672829141422194,12,22,14.14495849609375,50,50,2000,5.norm,0,MNIST_ConvNet,exemplar,0.9749,0.8964,0.03137254901960784,0.03137254901960784,1,False
25,3.318959841575333,3.8235482382524535,0.034491974065996855,1.763944093056287,0.17672829141422194,12,22,14.14495849609375,50,50,2000,5.norm,0,MNIST_ConvNet,exemplar,0.9749,0.8964,0.03137254901960784,0.03137254901960784,1,False
26,1.4648408725678104,3.442728527208152,0.03480980541980145,1.763944093056287,0.17672829141422194,12,22,14.14495849609375,50,50,2000,5.norm,0,MNIST_ConvNet,exemplar,0.9749,0.8964,0.03137254901960784,0.03137254901960784,1,False
27,1.5766410338198666,4.43886036486648,0.07393066694004993,1.763944093056287,0.17672829141422194,12,22,14.14495849609375,50,50,2000,5.norm,0,MNIST_ConvNet,exemplar,0.9749,0.8964,0.03137254901960784,0.03137254901960784,1,False
28,2.531453230402386,4.383742952047306,0.022265762967204866,1.763944093056287,0.17672829141422194,12,22,14.14495849609375,50,50,2000,5.norm,0,MNIST_ConvNet,exemplar,0.9749,0.8964,0.03137254901960784,0.03137254901960784,1,False
29,1.7094974010813777,4.334080604161247,0.029501671444272643,1.763944093056287,0.17672829141422194,12,22,14.14495849609375,50,50,2000,5.norm,0,MNIST_ConvNet,exemplar,0.9749,0.8964,0.03137254901960784,0.03137254901960784,1,False
30,1.9263073785047164,3.6294601369323303,0.03569883513211852,1.763944093056287,0.17672829141422194,12,22,14.14495849609375,50,50,2000,5.norm,0,MNIST_ConvNet,exemplar,0.9749,0.8964,0.03137254901960784,0.03137254901960784,1,False
31,2.5093501296774963,4.3775673440644205,0.02588479813471773,1.763944093056287,0.17672829141422194,12,22,14.14495849609375,50,50,2000,5.norm,0,MNIST_ConvNet,exemplar,0.9749,0.8964,0.03137254901960784,0.03137254901960784,1,False
32,1.5653996346646337,4.3245915420739705,0.032371254069645895,1.763944093056287,0.17672829141422194,12,22,14.14495849609375,50,50,2000,5.norm,0,MNIST_ConvNet,exemplar,0.9749,0.8964,0.03137254901960784,0.03137254901960784,1,False
33,1.5354100967283983,4.427143607423252,0.04292913120706118,1.763944093056287,0.17672829141422194,12,22,14.14495849609375,50,50,2000,5.norm,0,MNIST_ConvNet,exemplar,0.9749,0.8964,0.03137254901960784,0.03137254901960784,1,False
34,1.3014648214156737,4.25594137880942,0.040695473135908024,1.763944093056287,0.17672829141422194,12,22,14.14495849609375,50,50,2000,5.norm,0,MNIST_ConvNet,exemplar,0.9749,0.8964,0.03137254901960784,0.03137254901960784,1,False
35,1.4655942419358143,3.1580295937228655,0.02801705447617041,1.763944093056287,0.17672829141422194,12,22,14.14495849609375,50,50,2000,5.norm,0,MNIST_ConvNet,exemplar,0.9749,0.8964,0.03137254901960784,0.03137254901960784,1,False
36,1.7009914582497139,3.869183244532748,0.02405178055027943,1.763944093056287,0.17672829141422194,12,22,14.14495849609375,50,50,2000,5.norm,0,MNIST_ConvNet,exemplar,0.9749,0.8964,0.03137254901960784,0.03137254901960784,1,False
37,1.8489628681366972,3.949383983581414,0.02975586613837501,1.763944093056287,0.17672829141422194,12,22,14.14495849609375,50,50,2000,5.norm,0,MNIST_ConvNet,exemplar,0.9749,0.8964,0.03137254901960784,0.03137254901960784,1,False
38,2.0282962340537014,4.1210175064617,0.028006341089867094,1.763944093056287,0.17672829141422194,12,22,14.14495849609375,50,50,2000,5.norm,0,MNIST_ConvNet,exemplar,0.9749,0.8964,0.03137254901960784,0.03137254901960784,1,False
39,1.8747440214445819,4.23417772517567,0.02684987660866616,1.763944093056287,0.17672829141422194,12,22,14.14495849609375,50,50,2000,5.norm,0,MNIST_ConvNet,exemplar,0.9749,0.8964,0.03137254901960784,0.03137254901960784,1,False
40,1.5025584300662924,3.878441838746543,0.02161569794164641,1.763944093056287,0.17672829141422194,12,22,14.14495849609375,50,50,2000,5.norm,0,MNIST_ConvNet,exemplar,0.9749,0.8964,0.03137254901960784,0.03137254901960784,1,False
41,2.103224809868013,4.120462719834514,0.023111127462805137,1.763944093056287,0.17672829141422194,12,22,14.14495849609375,50,50,2000,5.norm,0,MNIST_ConvNet,exemplar,0.9749,0.8964,0.03137254901960784,0.03137254901960784,1,False
42,1.102774930182684,4.018626012404362,0.0869898609046063,1.763944093056287,0.17672829141422194,12,22,14.14495849609375,50,50,2000,5.norm,0,MNIST_ConvNet,exemplar,0.9749,0.8964,0.03137254901960784,0.03137254901960784,1,False
43,1.9678744627354008,4.262227776117952,0.020942015953747933,1.763944093056287,0.17672829141422194,12,22,14.14495849609375,50,50,2000,5.norm,0,MNIST_ConvNet,exemplar,0.9749,0.8964,0.03137254901960784,0.03137254901960784,1,False
44,2.2997609282016778,4.577545787834054,0.02297811696666487,1.763944093056287,0.17672829141422194,12,22,14.14495849609375,50,50,2000,5.norm,0,MNIST_ConvNet,exemplar,0.9749,0.8964,0.03137254901960784,0.03137254901960784,1,False
45,2.0129180550927597,4.207836779223098,0.03507197863255862,1.763944093056287,0.17672829141422194,12,22,14.14495849609375,50,50,2000,5.norm,0,MNIST_ConvNet,exemplar,0.9749,0.8964,0.03137254901960784,0.03137254901960784,1,False
46,2.0018474342388894,3.9094056286750285,0.02364205107636825,1.763944093056287,0.17672829141422194,12,22,14.14495849609375,50,50,2000,5.norm,0,MNIST_ConvNet,exemplar,0.9749,0.8964,0.03137254901960784,0.03137254901960784,1,False
47,1.6648937531635264,4.001495500804133,0.045225139902960086,1.763944093056287,0.17672829141422194,12,22,14.14495849609375,50,50,2000,5.norm,0,MNIST_ConvNet,exemplar,0.9749,0.8964,0.03137254901960784,0.03137254901960784,1,False
48,1.901364525604342,4.90421291362261,0.03356696377785654,1.763944093056287,0.17672829141422194,12,22,14.14495849609375,50,50,2000,5.norm,0,MNIST_ConvNet,exemplar,0.9749,0.8964,0.03137254901960784,0.03137254901960784,1,False
49,2.33571927407171,4.154788836747278,0.020726215039476012,1.763944093056287,0.17672829141422194,12,22,14.14495849609375,50,50,2000,5.norm,0,MNIST_ConvNet,exemplar,0.9749,0.8964,0.03137254901960784,0.03137254901960784,1,False
0,2.369626895748634,4.356498166035716,0.03839470769398882,1.8938553033327963,0.14684144312021682,10,27,17.934669494628906,50,50,2000,6.relu,0,MNIST_ConvNet,exemplar,0.9749,0.8964,0.03137254901960784,0.03137254901960784,1,False
1,3.0003792953989317,3.8896318281868485,0.022519491829885226,1.8938553033327963,0.14684144312021682,10,27,17.934669494628906,50,50,2000,6.relu,0,MNIST_ConvNet,exemplar,0.9749,0.8964,0.03137254901960784,0.03137254901960784,1,False
2,2.3195925604703547,4.397140015097676,0.019470271716301637,1.8938553033327963,0.14684144312021682,10,27,17.934669494628906,50,50,2000,6.relu,0,MNIST_ConvNet,exemplar,0.9749,0.8964,0.03137254901960784,0.03137254901960784,1,False
3,1.8607753703832044,4.254180462522488,0.02925700573381554,1.8938553033327963,0.14684144312021682,10,27,17.934669494628906,50,50,2000,6.relu,0,MNIST_ConvNet,exemplar,0.9749,0.8964,0.03137254901960784,0.03137254901960784,1,False
4,2.139746976403029,3.815991536177659,0.018296094659781652,1.8938553033327963,0.14684144312021682,10,27,17.934669494628906,50,50,2000,6.relu,0,MNIST_ConvNet,exemplar,0.9749,0.8964,0.03137254901960784,0.03137254901960784,1,False
5,2.0963990714966814,3.5758406542450536,0.04209157343187442,1.8938553033327963,0.14684144312021682,10,27,17.934669494628906,50,50,2000,6.relu,0,MNIST_ConvNet,exemplar,0.9749,0.8964,0.03137254901960784,0.03137254901960784,1,False
6,2.312790381718919,3.5681794233944526,0.03249053485271574,1.8938553033327963,0.14684144312021682,10,27,17.934669494628906,50,50,2000,6.relu,0,MNIST_ConvNet,exemplar,0.9749,0.8964,0.03137254901960784,0.03137254901960784,1,False
7,2.6026864515492316,4.283371323235448,0.018166921424802366,1.8938553033327963,0.14684144312021682,10,27,17.934669494628906,50,50,2000,6.relu,0,MNIST_ConvNet,exemplar,0.9749,0.8964,0.03137254901960784,0.03137254901960784,1,False
8,2.2806839844941305,3.7704881294524712,0.04467518019981134,1.8938553033327963,0.14684144312021682,10,27,17.934669494628906,50,50,2000,6.relu,0,MNIST_ConvNet,exemplar,0.9749,0.8964,0.03137254901960784,0.03137254901960784,1,False
9,1.5571748232254636,4.105257733528189,0.01606965894234637,1.8938553033327963,0.14684144312021682,10,27,17.934669494628906,50,50,2000,6.relu,0,MNIST_ConvNet,exemplar,0.9749,0.8964,0.03137254901960784,0.03137254901960784,1,False
10,2.304507790487935,4.183889881885254,0.016872276898627445,1.8938553033327963,0.14684144312021682,10,27,17.934669494628906,50,50,2000,6.relu,0,MNIST_ConvNet,exemplar,0.9749,0.8964,0.03137254901960784,0.03137254901960784,1,False
11,2.490371393557168,4.646290726814533,0.014179722073969107,1.8938553033327963,0.14684144312021682,10,27,17.934669494628906,50,50,2000,6.relu,0,MNIST_ConvNet,exemplar,0.9749,0.8964,0.03137254901960784,0.03137254901960784,1,False
12,1.4586677013257818,3.5746370702144037,0.030525415918733187,1.8938553033327963,0.14684144312021682,10,27,17.934669494628906,50,50,2000,6.relu,0,MNIST_ConvNet,exemplar,0.9749,0.8964,0.03137254901960784,0.03137254901960784,1,False
13,2.959487638925394,3.5252599314192308,0.03815402974457682,1.8938553033327963,0.14684144312021682,10,27,17.934669494628906,50,50,2000,6.relu,0,MNIST_ConvNet,exemplar,0.9749,0.8964,0.03137254901960784,0.03137254901960784,1,False
14,2.0908038115418726,3.8159144548737567,0.01992010946210885,1.8938553033327963,0.14684144312021682,10,27,17.934669494628906,50,50,2000,6.relu,0,MNIST_ConvNet,exemplar,0.9749,0.8964,0.03137254901960784,0.03137254901960784,1,False
15,2.143441462230871,3.8621848320539662,0.039071501454916814,1.8938553033327963,0.14684144312021682,10,27,17.934669494628906,50,50,2000,6.relu,0,MNIST_ConvNet,exemplar,0.9749,0.8964,0.03137254901960784,0.03137254901960784,1,False
16,2.1602917299407367,4.022109867729657,0.019185823717026814,1.8938553033327963,0.14684144312021682,10,27,17.934669494628906,50,50,2000,6.relu,0,MNIST_ConvNet,exemplar,0.9749,0.8964,0.03137254901960784,0.03137254901960784,1,False
17,2.225856201593822,3.576779147911581,0.030965129966297644,1.8938553033327963,0.14684144312021682,10,27,17.934669494628906,50,50,2000,6.relu,0,MNIST_ConvNet,exemplar,0.9749,0.8964,0.03137254901960784,0.03137254901960784,1,False
18,1.9448354148051965,3.5875228682599536,0.04361374561386306,1.8938553033327963,0.14684144312021682,10,27,17.934669494628906,50,50,2000,6.relu,0,MNIST_ConvNet,exemplar,0.9749,0.8964,0.03137254901960784,0.03137254901960784,1,False
19,1.570293934307351,3.707945570423093,0.031804939950910445,1.8938553033327963,0.14684144312021682,10,27,17.934669494628906,50,50,2000,6.relu,0,MNIST_ConvNet,exemplar,0.9749,0.8964,0.03137254901960784,0.03137254901960784,1,False
20,2.005861735887033,3.2273679301166784,0.026863090934312515,1.8938553033327963,0.14684144312021682,10,27,17.934669494628906,50,50,2000,6.relu,0,MNIST_ConvNet,exemplar,0.9749,0.8964,0.03137254901960784,0.03137254901960784,1,False
21,2.5912117405895247,4.288451616347229,0.02200996743079648,1.8938553033327963,0.14684144312021682,10,27,17.934669494628906,50,50,2000,6.relu,0,MNIST_ConvNet,exemplar,0.9749,0.8964,0.03137254901960784,0.03137254901960784,1,False
22,1.822616997411854,3.6190742604018835,0.030109794901273836,1.8938553033327963,0.14684144312021682,10,27,17.934669494628906,50,50,2000,6.relu,0,MNIST_ConvNet,exemplar,0.9749,0.8964,0.03137254901960784,0.03137254901960784,1,False
23,1.8045375130639738,4.305778549912295,0.03799119051979529,1.8938553033327963,0.14684144312021682,10,27,17.934669494628906,50,50,2000,6.relu,0,MNIST_ConvNet,exemplar,0.9749,0.8964,0.03137254901960784,0.03137254901960784,1,False
24,1.931632796082122,3.961686001616737,0.022655531719291685,1.8938553033327963,0.14684144312021682,10,27,17.934669494628906,50,50,2000,6.relu,0,MNIST_ConvNet,exemplar,0.9749,0.8964,0.03137254901960784,0.03137254901960784,1,False
25,1.6173134872011095,3.8836559873753957,0.03440492741690867,1.8938553033327963,0.14684144312021682,10,27,17.934669494628906,50,50,2000,6.relu,0,MNIST_ConvNet,exemplar,0.9749,0.8964,0.03137254901960784,0.03137254901960784,1,False
26,1.9884255746269233,3.6745108738877303,0.03552791959955839,1.8938553033327963,0.14684144312021682,10,27,17.934669494628906,50,50,2000,6.relu,0,MNIST_ConvNet,exemplar,0.9749,0.8964,0.03137254901960784,0.03137254901960784,1,False
27,1.3501373428652053,3.803755132248051,0.07496264352139675,1.8938553033327963,0.14684144312021682,10,27,17.934669494628906,50,50,2000,6.relu,0,MNIST_ConvNet,exemplar,0.9749,0.8964,0.03137254901960784,0.03137254901960784,1,False
28,2.189894119028284,4.051015528260845,0.019441579119786043,1.8938553033327963,0.14684144312021682,10,27,17.934669494628906,50,50,2000,6.relu,0,MNIST_ConvNet,exemplar,0.9749,0.8964,0.03137254901960784,0.03137254901960784,1,False
29,1.7798176327235127,4.055891635988235,0.025802560485275104,1.8938553033327963,0.14684144312021682,10,27,17.934669494628906,50,50,2000,6.relu,0,MNIST_ConvNet,exemplar,0.9749,0.8964,0.03137254901960784,0.03137254901960784,1,False
30,1.4405564615109132,3.288478398366459,0.039754093614910016,1.8938553033327963,0.14684144312021682,10,27,17.934669494628906,50,50,2000,6.relu,0,MNIST_ConvNet,exemplar,0.9749,0.8964,0.03137254901960784,0.03137254901960784,1,False
31,1.5387697434288528,4.103080422543853,0.024154132814855914,1.8938553033327963,0.14684144312021682,10,27,17.934669494628906,50,50,2000,6.relu,0,MNIST_ConvNet,exemplar,0.9749,0.8964,0.03137254901960784,0.03137254901960784,1,False
32,2.198249352854722,4.238745555704812,0.044420099442006755,1.8938553033327963,0.14684144312021682,10,27,17.934669494628906,50,50,2000,6.relu,0,MNIST_ConvNet,exemplar,0.9749,0.8964,0.03137254901960784,0.03137254901960784,1,False
33,2.12805995078458,4.0350108017146065,0.03936865278773659,1.8938553033327963,0.14684144312021682,10,27,17.934669494628906,50,50,2000,6.relu,0,MNIST_ConvNet,exemplar,0.9749,0.8964,0.03137254901960784,0.03137254901960784,1,False
34,1.5996045908841572,3.7067889945627206,0.03344573257513549,1.8938553033327963,0.14684144312021682,10,27,17.934669494628906,50,50,2000,6.relu,0,MNIST_ConvNet,exemplar,0.9749,0.8964,0.03137254901960784,0.03137254901960784,1,False
35,1.8206921057142917,3.3323154792179053,0.028405980351810977,1.8938553033327963,0.14684144312021682,10,27,17.934669494628906,50,50,2000,6.relu,0,MNIST_ConvNet,exemplar,0.9749,0.8964,0.03137254901960784,0.03137254901960784,1,False
36,2.32226222699055,4.393904601352824,0.026223687712438118,1.8938553033327963,0.14684144312021682,10,27,17.934669494628906,50,50,2000,6.relu,0,MNIST_ConvNet,exemplar,0.9749,0.8964,0.03137254901960784,0.03137254901960784,1,False
37,1.3219422759227142,3.8424045959134525,0.032114171094759864,1.8938553033327963,0.14684144312021682,10,27,17.934669494628906,50,50,2000,6.relu,0,MNIST_ConvNet,exemplar,0.9749,0.8964,0.03137254901960784,0.03137254901960784,1,False
38,1.6426439076954122,3.7678852494775525,0.03526205981965456,1.8938553033327963,0.14684144312021682,10,27,17.934669494628906,50,50,2000,6.relu,0,MNIST_ConvNet,exemplar,0.9749,0.8964,0.03137254901960784,0.03137254901960784,1,False
39,1.3111370567764233,4.443485253487821,0.03079859455495234,1.8938553033327963,0.14684144312021682,10,27,17.934669494628906,50,50,2000,6.relu,0,MNIST_ConvNet,exemplar,0.9749,0.8964,0.03137254901960784,0.03137254901960784,1,False
40,1.3994551249276863,4.06830159343921,0.02221866297963277,1.8938553033327963,0.14684144312021682,10,27,17.934669494628906,50,50,2000,6.relu,0,MNIST_ConvNet,exemplar,0.9749,0.8964,0.03137254901960784,0.03137254901960784,1,False
41,1.5194813126223083,3.7235396358216883,0.026379821919588882,1.8938553033327963,0.14684144312021682,10,27,17.934669494628906,50,50,2000,6.relu,0,MNIST_ConvNet,exemplar,0.9749,0.8964,0.03137254901960784,0.03137254901960784,1,False
42,1.2951712410883782,3.6264775025911025,0.09794960182935535,1.8938553033327963,0.14684144312021682,10,27,17.934669494628906,50,50,2000,6.relu,0,MNIST_ConvNet,exemplar,0.9749,0.8964,0.03137254901960784,0.03137254901960784,1,False
43,2.119589803181853,3.8197758128807777,0.02253260819475676,1.8938553033327963,0.14684144312021682,10,27,17.934669494628906,50,50,2000,6.relu,0,MNIST_ConvNet,exemplar,0.9749,0.8964,0.03137254901960784,0.03137254901960784,1,False
44,1.9220867309305065,3.669579813570424,0.019903817220677456,1.8938553033327963,0.14684144312021682,10,27,17.934669494628906,50,50,2000,6.relu,0,MNIST_ConvNet,exemplar,0.9749,0.8964,0.03137254901960784,0.03137254901960784,1,False
45,2.2137139993562553,3.8782061071992486,0.025212211310686575,1.8938553033327963,0.14684144312021682,10,27,17.934669494628906,50,50,2000,6.relu,0,MNIST_ConvNet,exemplar,0.9749,0.8964,0.03137254901960784,0.03137254901960784,1,False
46,1.8716369831008868,3.6955327518696977,0.02556845476731455,1.8938553033327963,0.14684144312021682,10,27,17.934669494628906,50,50,2000,6.relu,0,MNIST_ConvNet,exemplar,0.9749,0.8964,0.03137254901960784,0.03137254901960784,1,False
47,2.3522179190105907,3.6922901075095327,0.04847952616397844,1.8938553033327963,0.14684144312021682,10,27,17.934669494628906,50,50,2000,6.relu,0,MNIST_ConvNet,exemplar,0.9749,0.8964,0.03137254901960784,0.03137254901960784,1,False
48,1.60893811105696,4.128202754041668,0.03308155216102718,1.8938553033327963,0.14684144312021682,10,27,17.934669494628906,50,50,2000,6.relu,0,MNIST_ConvNet,exemplar,0.9749,0.8964,0.03137254901960784,0.03137254901960784,1,False
49,2.426398376970744,3.653140781828759,0.02612762718633032,1.8938553033327963,0.14684144312021682,10,27,17.934669494628906,50,50,2000,6.relu,0,MNIST_ConvNet,exemplar,0.9749,0.8964,0.03137254901960784,0.03137254901960784,1,False
0,1.7200023294929108,2.4288259041735767,0.016110322724054014,1.7785913689002204,0.3784408133370536,3,4,4.079500675201416,50,50,10,7.linear,0,MNIST_ConvNet,exemplar,0.9749,0.8964,0.03137254901960784,0.03137254901960784,1,False
1,1.8841926504029982,2.069390772567783,0.03899933430420645,1.7785913689002204,0.3784408133370536,3,4,4.079500675201416,50,50,10,7.linear,0,MNIST_ConvNet,exemplar,0.9749,0.8964,0.03137254901960784,0.03137254901960784,1,False
2,1.5580415857016199,3.090924526258471,0.016245845456914244,1.7785913689002204,0.3784408133370536,3,4,4.079500675201416,50,50,10,7.linear,0,MNIST_ConvNet,exemplar,0.9749,0.8964,0.03137254901960784,0.03137254901960784,1,False
3,1.8536333611177194,2.8573625968075556,0.019215000911480002,1.7785913689002204,0.3784408133370536,3,4,4.079500675201416,50,50,10,7.linear,0,MNIST_ConvNet,exemplar,0.9749,0.8964,0.03137254901960784,0.03137254901960784,1,False
4,1.4183621537339077,1.8897321679398915,0.0303469194509884,1.7785913689002204,0.3784408133370536,3,4,4.079500675201416,50,50,10,7.linear,0,MNIST_ConvNet,exemplar,0.9749,0.8964,0.03137254901960784,0.03137254901960784,1,False
5,2.332639956999161,2.362785170168888,0.027865062014047478,1.7785913689002204,0.3784408133370536,3,4,4.079500675201416,50,50,10,7.linear,0,MNIST_ConvNet,exemplar,0.9749,0.8964,0.03137254901960784,0.03137254901960784,1,False
6,1.6896086360832536,2.9082098620679746,0.044872007239893374,1.7785913689002204,0.3784408133370536,3,4,4.079500675201416,50,50,10,7.linear,0,MNIST_ConvNet,exemplar,0.9749,0.8964,0.03137254901960784,0.03137254901960784,1,False
7,1.7273262134294487,2.7158431846510207,0.010436512303164867,1.7785913689002204,0.3784408133370536,3,4,4.079500675201416,50,50,10,7.linear,0,MNIST_ConvNet,exemplar,0.9749,0.8964,0.03137254901960784,0.03137254901960784,1,False
8,1.655567752010222,2.7992588100025477,0.028117227641242512,1.7785913689002204,0.3784408133370536,3,4,4.079500675201416,50,50,10,7.linear,0,MNIST_ConvNet,exemplar,0.9749,0.8964,0.03137254901960784,0.03137254901960784,1,False
9,2.419771720947518,2.231172126838979,0.028567112420537506,1.7785913689002204,0.3784408133370536,3,4,4.079500675201416,50,50,10,7.linear,0,MNIST_ConvNet,exemplar,0.9749,0.8964,0.03137254901960784,0.03137254901960784,1,False
10,2.4738105135194584,2.6674721780705473,0.022581239254653305,1.7785913689002204,0.3784408133370536,3,4,4.079500675201416,50,50,10,7.linear,0,MNIST_ConvNet,exemplar,0.9749,0.8964,0.03137254901960784,0.03137254901960784,1,False
11,1.6484268912518993,3.1081970657210483,0.009415617314613572,1.7785913689002204,0.3784408133370536,3,4,4.079500675201416,50,50,10,7.linear,0,MNIST_ConvNet,exemplar,0.9749,0.8964,0.03137254901960784,0.03137254901960784,1,False
12,2.388949252076444,2.58737120103945,0.013670945052332942,1.7785913689002204,0.3784408133370536,3,4,4.079500675201416,50,50,10,7.linear,0,MNIST_ConvNet,exemplar,0.9749,0.8964,0.03137254901960784,0.03137254901960784,1,False
13,2.7941211954445846,2.3929937987134124,0.018467778241453608,1.7785913689002204,0.3784408133370536,3,4,4.079500675201416,50,50,10,7.linear,0,MNIST_ConvNet,exemplar,0.9749,0.8964,0.03137254901960784,0.03137254901960784,1,False
14,2.388784592843219,2.615054556424991,0.009564074467369569,1.7785913689002204,0.3784408133370536,3,4,4.079500675201416,50,50,10,7.linear,0,MNIST_ConvNet,exemplar,0.9749,0.8964,0.03137254901960784,0.03137254901960784,1,False
15,1.4710809180803261,2.820736112292648,0.01747108194848186,1.7785913689002204,0.3784408133370536,3,4,4.079500675201416,50,50,10,7.linear,0,MNIST_ConvNet,exemplar,0.9749,0.8964,0.03137254901960784,0.03137254901960784,1,False
16,1.8093090128108924,2.6053530461442795,0.012745385969967802,1.7785913689002204,0.3784408133370536,3,4,4.079500675201416,50,50,10,7.linear,0,MNIST_ConvNet,exemplar,0.9749,0.8964,0.03137254901960784,0.03137254901960784,1,False
17,1.3891321017341152,2.6447221361556656,0.023682825786705202,1.7785913689002204,0.3784408133370536,3,4,4.079500675201416,50,50,10,7.linear,0,MNIST_ConvNet,exemplar,0.9749,0.8964,0.03137254901960784,0.03137254901960784,1,False
18,1.345876721813236,1.9823485915767751,0.0772167149016749,1.7785913689002204,0.3784408133370536,3,4,4.079500675201416,50,50,10,7.linear,0,MNIST_ConvNet,exemplar,0.9749,0.8964,0.03137254901960784,0.03137254901960784,1,False
19,1.9071984872345438,2.6590837771080507,0.019752434479323636,1.7785913689002204,0.3784408133370536,3,4,4.079500675201416,50,50,10,7.linear,0,MNIST_ConvNet,exemplar,0.9749,0.8964,0.03137254901960784,0.03137254901960784,1,False
20,1.4072745267909268,2.1509518697665606,0.02908809610396366,1.7785913689002204,0.3784408133370536,3,4,4.079500675201416,50,50,10,7.linear,0,MNIST_ConvNet,exemplar,0.9749,0.8964,0.03137254901960784,0.03137254901960784,1,False
21,3.443759099256096,2.9553812370955685,0.02138265810550947,1.7785913689002204,0.3784408133370536,3,4,4.079500675201416,50,50,10,7.linear,0,MNIST_ConvNet,exemplar,0.9749,0.8964,0.03137254901960784,0.03137254901960784,1,False
22,1.7584655520199084,2.839944888966737,0.014466438281938969,1.7785913689002204,0.3784408133370536,3,4,4.079500675201416,50,50,10,7.linear,0,MNIST_ConvNet,exemplar,0.9749,0.8964,0.03137254901960784,0.03137254901960784,1,False
23,2.349529784413825,2.7198203627563533,0.02752136804566212,1.7785913689002204,0.3784408133370536,3,4,4.079500675201416,50,50,10,7.linear,0,MNIST_ConvNet,exemplar,0.9749,0.8964,0.03137254901960784,0.03137254901960784,1,False
24,1.5623346015849742,2.709218681951437,0.01626200676923038,1.7785913689002204,0.3784408133370536,3,4,4.079500675201416,50,50,10,7.linear,0,MNIST_ConvNet,exemplar,0.9749,0.8964,0.03137254901960784,0.03137254901960784,1,False
25,1.479297958133938,2.4499293358984726,0.018062341360181904,1.7785913689002204,0.3784408133370536,3,4,4.079500675201416,50,50,10,7.linear,0,MNIST_ConvNet,exemplar,0.9749,0.8964,0.03137254901960784,0.03137254901960784,1,False
26,1.8533612591639772,2.7886375406523074,0.023253020414993095,1.7785913689002204,0.3784408133370536,3,4,4.079500675201416,50,50,10,7.linear,0,MNIST_ConvNet,exemplar,0.9749,0.8964,0.03137254901960784,0.03137254901960784,1,False
27,1.6471105170023093,2.3009075831329273,0.014187717694013,1.7785913689002204,0.3784408133370536,3,4,4.079500675201416,50,50,10,7.linear,0,MNIST_ConvNet,exemplar,0.9749,0.8964,0.03137254901960784,0.03137254901960784,1,False
28,1.8311775269461064,2.500135200395153,0.017521321952213093,1.7785913689002204,0.3784408133370536,3,4,4.079500675201416,50,50,10,7.linear,0,MNIST_ConvNet,exemplar,0.9749,0.8964,0.03137254901960784,0.03137254901960784,1,False
29,2.022320634292915,2.5577144767463853,0.015330122953388592,1.7785913689002204,0.3784408133370536,3,4,4.079500675201416,50,50,10,7.linear,0,MNIST_ConvNet,exemplar,0.9749,0.8964,0.03137254901960784,0.03137254901960784,1,False
30,1.680250926607444,2.4559818997071035,0.01916004831417544,1.7785913689002204,0.3784408133370536,3,4,4.079500675201416,50,50,10,7.linear,0,MNIST_ConvNet,exemplar,0.9749,0.8964,0.03137254901960784,0.03137254901960784,1,False
31,1.693084062273877,2.566081470037291,0.015543362762668019,1.7785913689002204,0.3784408133370536,3,4,4.079500675201416,50,50,10,7.linear,0,MNIST_ConvNet,exemplar,0.9749,0.8964,0.03137254901960784,0.03137254901960784,1,False
32,2.007444288691866,2.709064617805952,0.014170926616647088,1.7785913689002204,0.3784408133370536,3,4,4.079500675201416,50,50,10,7.linear,0,MNIST_ConvNet,exemplar,0.9749,0.8964,0.03137254901960784,0.03137254901960784,1,False
33,1.5307354292504363,2.316583837968838,0.040257030743487396,1.7785913689002204,0.3784408133370536,3,4,4.079500675201416,50,50,10,7.linear,0,MNIST_ConvNet,exemplar,0.9749,0.8964,0.03137254901960784,0.03137254901960784,1,False
34,2.4037788644920157,2.61748215859448,0.059688750134472904,1.7785913689002204,0.3784408133370536,3,4,4.079500675201416,50,50,10,7.linear,0,MNIST_ConvNet,exemplar,0.9749,0.8964,0.03137254901960784,0.03137254901960784,1,False
35,1.5853787330271851,1.9517778787244622,0.02726589082583743,1.7785913689002204,0.3784408133370536,3,4,4.079500675201416,50,50,10,7.linear,0,MNIST_ConvNet,exemplar,0.9749,0.8964,0.03137254901960784,0.03137254901960784,1,False
36,2.007849373137795,2.0577401399558064,0.01621854176709195,1.7785913689002204,0.3784408133370536,3,4,4.079500675201416,50,50,10,7.linear,0,MNIST_ConvNet,exemplar,0.9749,0.8964,0.03137254901960784,0.03137254901960784,1,False
37,1.6253555652031288,2.860831299008591,0.015582239356595976,1.7785913689002204,0.3784408133370536,3,4,4.079500675201416,50,50,10,7.linear,0,MNIST_ConvNet,exemplar,0.9749,0.8964,0.03137254901960784,0.03137254901960784,1,False
38,1.8905373733918904,2.510764265363057,0.04278182713651026,1.7785913689002204,0.3784408133370536,3,4,4.079500675201416,50,50,10,7.linear,0,MNIST_ConvNet,exemplar,0.9749,0.8964,0.03137254901960784,0.03137254901960784,1,False
39,2.3799512850326026,2.52298031140049,0.03218959299451677,1.7785913689002204,0.3784408133370536,3,4,4.079500675201416,50,50,10,7.linear,0,MNIST_ConvNet,exemplar,0.9749,0.8964,0.03137254901960784,0.03137254901960784,1,False
40,1.7596314472127952,2.264112457089299,0.03177650958991546,1.7785913689002204,0.3784408133370536,3,4,4.079500675201416,50,50,10,7.linear,0,MNIST_ConvNet,exemplar,0.9749,0.8964,0.03137254901960784,0.03137254901960784,1,False
41,1.8239546394710087,2.753032291143671,0.01816540691922442,1.7785913689002204,0.3784408133370536,3,4,4.079500675201416,50,50,10,7.linear,0,MNIST_ConvNet,exemplar,0.9749,0.8964,0.03137254901960784,0.03137254901960784,1,False
42,1.5606675622783817,2.970853301774097,0.013089669600432115,1.7785913689002204,0.3784408133370536,3,4,4.079500675201416,50,50,10,7.linear,0,MNIST_ConvNet,exemplar,0.9749,0.8964,0.03137254901960784,0.03137254901960784,1,False
43,1.2609276413061739,2.2414649711968186,0.01767468906973979,1.7785913689002204,0.3784408133370536,3,4,4.079500675201416,50,50,10,7.linear,0,MNIST_ConvNet,exemplar,0.9749,0.8964,0.03137254901960784,0.03137254901960784,1,False
44,2.058248854601848,2.7425669325349555,0.012884114941529454,1.7785913689002204,0.3784408133370536,3,4,4.079500675201416,50,50,10,7.linear,0,MNIST_ConvNet,exemplar,0.9749,0.8964,0.03137254901960784,0.03137254901960784,1,False
45,1.2016397949030841,3.177924073331797,0.02445369161731483,1.7785913689002204,0.3784408133370536,3,4,4.079500675201416,50,50,10,7.linear,0,MNIST_ConvNet,exemplar,0.9749,0.8964,0.03137254901960784,0.03137254901960784,1,False
46,1.4476576169665674,2.539208245276855,0.020535671271909178,1.7785913689002204,0.3784408133370536,3,4,4.079500675201416,50,50,10,7.linear,0,MNIST_ConvNet,exemplar,0.9749,0.8964,0.03137254901960784,0.03137254901960784,1,False
47,2.578708827283938,2.497473206564968,0.02235804864492464,1.7785913689002204,0.3784408133370536,3,4,4.079500675201416,50,50,10,7.linear,0,MNIST_ConvNet,exemplar,0.9749,0.8964,0.03137254901960784,0.03137254901960784,1,False
48,1.485492513680261,2.798558741521771,0.007439649913080099,1.7785913689002204,0.3784408133370536,3,4,4.079500675201416,50,50,10,7.linear,0,MNIST_ConvNet,exemplar,0.9749,0.8964,0.03137254901960784,0.03137254901960784,1,False
49,1.9760741794956393,2.9327624850025606,0.0253842803681544,1.7785913689002204,0.3784408133370536,3,4,4.079500675201416,50,50,10,7.linear,0,MNIST_ConvNet,exemplar,0.9749,0.8964,0.03137254901960784,0.03137254901960784,1,False
